Date,MSCI Europe Small Cap Value Weighted,MSCI USA Small Cap Value Weighted,MSCI Europe,MSCI World Momentum,MSCI ACWI,MSCI World,S&P 500 Minimum Volatility,MSCI Emerging Markets,FTSE World Government Bond - Developed Markets,S&P 500,MSCI USA Small Cap Value Weighted
01/1975,,,,,,,,,,,
02/1975,,,,,,,,,,,
03/1975,,,,,,,,,,,
04/1975,,,,,,,,,,,
05/1975,,,,,,,,,,,
06/1975,,,,,,,,,,,
07/1975,,,,,,,,,,,
08/1975,,,,,,,,,,,
09/1975,,,,,,,,,,,
10/1975,,,,,,,,,,,
11/1975,,,,,,,,,,,
12/1975,,,,,,,,,,,
01/1976,,,,,,,,,,,
02/1976,,,,,,,,,,,
03/1976,,,,,,,,,,,
04/1976,,,,,,,,,,,
05/1976,,,,,,,,,,,
06/1976,,,,,,,,,,,
07/1976,,,,,,,,,,,
08/1976,,,,,,,,,,,
09/1976,,,,,,,,,,,
10/1976,,,,,,,,,,,
11/1976,,,,,,,,,,,
12/1976,,,,,,,,,,,
01/1977,,,,,,,,,,,
02/1977,,,,,,,,,,,
03/1977,,,,,,,,,,,
04/1977,,,,,,,,,,,
05/1977,,,,,,,,,,,
06/1977,,,,,,,,,,,
07/1977,,,,,,,,,,,
08/1977,,,,,,,,,,,
09/1977,,,,,,,,,,,
10/1977,,,,,,,,,,,
11/1977,,,,,,,,,,,
12/1977,,,,,,,,,,,
01/1978,,,,,,,,,,,
02/1978,,,,,,,,,,,
03/1978,,,,,,,,,,,
04/1978,,,,,,,,,,,
05/1978,,,,,,,,,,,
06/1978,,,,,,,,,,,
07/1978,,,,,,,,,,,
08/1978,,,,,,,,,,,
09/1978,,,,,,,,,,,
10/1978,,,,,,,,,,,
11/1978,,,,,,,,,,,
12/1978,,,10000.0,,,10000.0,,,,,
01/1979,,,10185.22014136237,,,10398.930905250509,,,,,
02/1979,,,10417.900537688138,,,10248.849017195264,,,,,
03/1979,,,11082.862239464232,,,10675.226277917642,,,,,
04/1979,,,11357.571727828092,,,10778.50358279821,,,,,
05/1979,,,10904.93663100978,,,10708.880944697636,,,,,
06/1979,,,11091.800584057344,,,10889.84575852203,,,,,
07/1979,,,10853.345228031323,,,10578.590506604152,,,,,
08/1979,,,11213.883160751471,,,11036.524853554603,,,,,
09/1979,,,11652.336273235684,,,11162.378098026924,,,,,
10/1979,,,10649.360632847074,,,10376.16510293369,,,,,
11/1979,,,11043.6332976069,,,10651.72398360166,,,,,
12/1979,,,10821.354643477584,,,10690.898083358965,,,,,
01/1980,,,11242.47578453313,,,11222.644152383618,,,,,
02/1980,,,11482.007621487986,,,11331.976524858845,,,,,
03/1980,,,10360.385370629214,,,10648.959921826556,,,,,
04/1980,,,11543.023470064543,,,11481.555130843206,,,,,
05/1980,,,11330.929112519874,,,11524.620863031954,,,,,
06/1980,,,11957.612881949924,,,11899.479614256965,,,,,
07/1980,,,11981.966073808446,,,12112.443054965368,,,,,
08/1980,,,12319.463324403649,,,12593.610215946585,,,,,
09/1980,,,12486.108878404128,,,12940.50819136116,,,,,
10/1980,,,13244.768873607409,,,13651.988424485868,,,,,
11/1980,,,13531.201741509978,,,14720.80969969001,,,,,
12/1980,,,13386.746967081914,,,14852.777656733124,,,,,
01/1981,,,12901.570454855964,,,14463.167712691038,,,,,
02/1981,,,13644.781032510173,,,15492.392711318944,,,,,
03/1981,,,13911.717203326398,,,16052.980807362164,,,,,
04/1981,,,14128.132363625942,,,16486.545396880545,,,,,
05/1981,,,13784.056365579896,,,17151.11818447906,,,,,
06/1981,,,13967.42512033204,,,17776.102685456586,,,,,
07/1981,,,13981.281512403615,,,18007.194521247326,,,,,
08/1981,,,14761.15427239477,,,18130.394515906635,,,,,
09/1981,,,12761.086202590051,,,16005.212422046532,,,,,
10/1981,,,12866.599550853196,,,16005.92215478959,,,,,
11/1981,,,14277.60375781027,,,17009.80602398687,,,,,
12/1981,,,13984.765300858502,,,16876.439053870592,,,,,
01/1982,,,14402.467798156844,,,16881.135392354838,,,,,
02/1982,,,14300.26884118683,,,16385.868405302343,,,,,
03/1982,,,14514.385907761894,,,16227.944726131596,,,,,
04/1982,,,15183.53274759939,,,17285.722889362583,,,,,
05/1982,,,14647.97005898564,,,16273.17833573479,,,,,
06/1982,,,14240.704226932248,,,16438.284350643284,,,,,
07/1982,,,14846.610873622283,,,16573.143717930932,,,,,
08/1982,,,15022.471945021978,,,17882.283764432374,,,,,
09/1982,,,15503.51970216591,,,18131.556845189443,,,,,
10/1982,,,15876.892895760724,,,19604.697884395795,,,,,
11/1982,,,16396.918629792548,,,20986.4713664931,,,,,
12/1982,,,16510.035584635407,,,21023.74673104958,,,,,
01/1983,,,16420.057215838122,,,21318.75432102388,,,,,
02/1983,,,17367.9352882362,,,22163.51841819067,,,,,
03/1983,,,18332.39742852441,,,23056.57870135659,,,,,
04/1983,,,20112.53233365626,,,25056.054263461087,,,,,
05/1983,,,20027.580384583136,,,24962.871570881693,,,,,
06/1983,,,21007.738148296707,,,26533.10565275236,,,,,
07/1983,,,20998.024802962977,,,26410.84284460705,,,,,
08/1983,,,21207.83569842657,,,27411.097731117166,,,,,
09/1983,,,21589.12169746449,,,27981.25780028119,,,,,
10/1983,,,21218.41966876916,,,27194.328512790005,,,,,
11/1983,,,22426.92696540941,,,28639.75622804067,,,,,
12/1983,,,23167.32398286492,,,29738.385513379875,,,,,
01/1984,,,24640.030757135624,,,30654.85931613871,,,,,
02/1984,,,24556.14364968392,,,29221.45524202876,,,,,
03/1984,,,24304.1853565208,,,29503.60589201104,,,,,
04/1984,,,24401.07405848904,,,29913.11483894515,,,,,
05/1984,,,23461.88293522704,,,28694.77473063892,,,,,
06/1984,,,23416.017177572485,,,28934.331593727657,,,,,
07/1984,,,22702.90033195393,,,28967.16865512922,,,,,
08/1984,,,24902.8815474412,,,32229.765663017726,,,,,
09/1984,,,25689.896931716783,,,33621.36624044726,,,,,
10/1984,,,26218.066087228624,,,34594.62624265953,,,,,
11/1984,,,25459.90016246004,,,33559.79206469479,,,,,
12/1984,,,26655.480031414147,,,35609.46600893423,,,,,
01/1985,,,28565.804283394995,,,38486.3587230083,,,10000.0,,
02/1985,,,28397.7751727548,,,39993.18254185248,,,10235.623791293365,,
03/1985,,,31750.48623767491,,,41469.22422550362,,,9832.991277578243,,
04/1985,,,30405.97770884648,,,38489.0908205484,,,10019.526779018826,,
05/1985,,,32216.970939026465,,,40743.73145553946,,,10250.878162371237,,
06/1985,,,32030.92102484476,,,40742.04246084016,,,10301.64384102301,,
07/1985,,,33341.9319047086,,,39548.87472097862,,,9878.10316927813,,
08/1985,,,33850.10476610644,,,38498.9529361696,,,10023.207167383667,,
09/1985,,,34966.138268015384,,,39409.12599100308,,,10000.690689505467,,
10/1985,,,36463.30311388926,,,38972.698766852656,,,9906.056360263648,,
11/1985,,,38558.1630517397,,,40349.80151346892,,,9884.566049650708,,
12/1985,,,39293.26199421451,,,41237.076489579886,,,9934.453565931248,,
01/1986,,,39219.80881425104,,,40978.07138919158,,,9925.10952362158,,
02/1986,,,42157.14610079316,,,42907.85004137818,,,9916.525239767929,,
03/1986,,,44354.18024686089,,,45797.31497619826,,,10739.89619923432,,
04/1986,,,48736.43148138192,,,47298.08927667742,,,10441.92287958322,,
05/1986,,,43659.96195004152,,,46334.346426348624,,,10638.789122626988,,
06/1986,,,45751.07265231215,,,48381.8912958277,,,10584.047045822315,,
07/1986,,,44035.35220257442,,,47335.68457116948,,,10486.146741918932,,
08/1986,,,47492.401909488784,,,49922.31551687075,,,10499.348778466274,,
09/1986,,,44140.88415290366,,,47558.040732892434,,,10306.054386865058,,
10/1986,,,43922.99342187089,,,46216.703726404754,,,10425.997552985751,,
11/1986,,,46755.88852309905,,,48660.15998817887,,,10193.402928523505,,
12/1986,,,47257.390185902936,,,48918.98842075373,,,10111.73382799858,,
01/1987,,,46389.80244001448,,,51380.59265631077,,,9993.70485850732,,
02/1987,,,47204.617573952586,,,52132.908088075965,,,10106.977937403795,,
03/1987,,,49462.36165581777,,,55265.51344098956,,,10180.674507637052,,
04/1987,,,50735.31690030454,,,57738.690406181646,,,10200.941311126022,,
05/1987,,,49848.98074714457,,,57113.9937546486,,,10304.159924221494,,
06/1987,,,52196.086070784106,,,58098.78560738437,,,10235.771796187391,,
07/1987,,,54738.32176030392,,,60110.697558145344,,,10204.532896554449,,
08/1987,,,55629.85632732613,,,64152.31021935193,,,10117.318545999922,,
09/1987,,,54540.5910637742,,,61386.36991470059,,,9982.121008801358,,
10/1987,,,43857.440146959256,,,50587.01719849433,,,10052.650274302405,,
11/1987,,,39397.992820401625,,,46366.267919942205,,,9854.55065714173,,
12/1987,,,40428.05684667624,,10000.0,46897.08825092531,,10000.0,9862.5231874334,,
01/1988,,,39180.82143012408,,10362.212139605464,48537.91486111503,,11100.47162367223,10484.893633816158,,
02/1988,,,42689.57391686133,,11282.110059171597,52830.337489364014,,11461.291863905324,10616.775861388483,,
03/1988,,,43274.38488595769,,11476.420852926867,53678.8922827356,,12521.24277606616,10553.932983383984,,
04/1988,,,43820.10731069918,,11556.986830015314,54021.87490901184,,13112.040735068917,10612.661325334491,,
05/1988,,,43428.8778412385,,11443.912967032968,53453.569837154544,,13639.024029304032,10830.248253542251,,
06/1988,,,44591.29439445851,,11860.614285714286,55352.12630107665,,14627.42142857143,11159.490073805107,,
07/1988,,,46946.56391953425,,12692.719556541022,59223.21124341946,,14975.041011086476,11411.453605399218,,
08/1988,,,45823.72259511506,,12268.07996735286,57212.20877076618,,14901.700172304343,11311.175356198444,,
09/1988,,,47966.87338126233,,12705.951237958045,59193.67146169965,,15753.07362924282,11570.055649840157,,
10/1988,,,51118.631903596775,,13206.140200210748,61559.61652450748,,15265.1375658588,11578.630066700873,,
11/1988,,,49702.09566678446,,13111.622940035424,61167.29304238174,,14598.68405161508,11377.64928760311,,
12/1988,,,50020.7233364705,,13247.062765957447,61772.09104022392,,15003.067021276594,11511.44571180487,,
01/1989,,,53891.89408235313,,14271.517099719102,66530.23651002873,,15401.735235252812,11972.569759640051,,
02/1989,,,53943.003841542406,,14363.729488091009,66917.44002020075,,16786.342961251332,11694.9421794214,,
03/1989,,,54698.55957846323,,14380.523217321284,66917.03851528569,,18582.71090632549,11949.99407980424,,
04/1989,,,56530.32122159427,,14824.704615384617,68825.34672955025,,22232.78769230769,12029.295102024707,,
05/1989,,,55940.88144218295,,15097.170723468142,70004.83492356459,,23500.9133339589,12403.342937206457,,
06/1989,,,59298.22305090406,,15156.392567825756,70445.63352546077,,21022.22510508216,12541.165094525792,,
07/1989,,,63389.825880458106,,16134.110132480584,74970.4207865175,,21428.55760621288,12480.06867427083,,
08/1989,,,63567.723885904525,,15999.009408053438,74270.95275118499,,22265.66281313787,12709.328255120969,,
09/1989,,,65653.79553808285,,16736.539218087608,77521.37812350164,,25457.010833725857,12417.62047598374,,
10/1989,,,59041.45726753303,,15588.74137805984,72097.89512547171,,24842.337388939257,12366.696925445,,
11/1989,,,61427.22353022555,,15970.501447721184,73885.3454107418,,23345.781876675603,12172.0902237834,,
12/1989,,,65239.720961245344,,15816.957840616966,73105.46300158801,,25118.13578406169,11782.7090815803,,
01/1990,,,63159.84906449596,,14648.831209449345,67633.18425111714,,25185.059790384297,11466.767967794136,,
02/1990,,,60831.7210536139,,13848.459492735785,63859.5785151099,,25826.91475006156,11381.773690650038,,
03/1990,,,62772.4279018528,,13221.54347281383,61036.85056307657,,22724.356101227764,11229.743063503967,,
04/1990,,,60323.63148532232,,12888.758410290236,59369.44607056526,,24052.30334762533,11101.53135730355,,
05/1990,,,64171.30012148615,,14003.356298158811,64532.83963037877,,25603.59185659826,11542.112325847576,,
06/1990,,,66875.36243377339,,14003.615335619794,64488.22911444809,,26667.845173934344,11474.33595137546,,
07/1990,,,67591.6347384438,,13718.972344975053,63093.46313607065,,28143.650463292943,11279.877254607884,,
08/1990,,,58208.98708539693,,11882.573531193217,54653.87627339092,,23473.035872198667,11075.541697912144,,
09/1990,,,51439.34226958088,,10658.782997118156,48953.84082920841,,20509.82507204611,11211.775269368907,,
10/1990,,,54141.38822190316,,11298.61351590106,51937.2877574192,,19539.270185512363,11245.845995974269,,
11/1990,,,53602.00342675956,,10889.580588829558,50056.30844556919,,18153.440453167845,11425.642341240084,,
12/1990,,,53451.246871877294,,11256.10995911215,51690.661555202656,,19144.44134053738,11480.887634684454,,
01/1991,,,55387.299789437326,,11701.476679841897,53696.03839975514,,20743.68682476944,11608.694794174527,,
02/1991,,,59231.51620444296,,12589.058648240123,57673.206652070745,,23416.594515223493,12000.18747286577,,
03/1991,,,60148.14151046674,,13320.208712002508,60905.15711383389,,26535.330930742715,12925.218060543866,,
04/1991,,,62688.540229800245,,14148.504439676512,64633.60909897523,,28244.275177422016,13165.331333622766,,
05/1991,,,65402.94486079645,,14680.777571500252,66962.4109913219,,30867.908128449577,13399.297470103014,,
06/1991,,,62146.65199696361,,14299.854233171409,65151.1265046928,,30875.518511450384,13771.539645577614,,
07/1991,,,66539.43312540004,,15000.589941804918,68295.93781870553,,32518.570798228087,13576.952677901883,,
08/1991,,,66262.4383902958,,14640.996177370032,66560.46510562068,,32473.225382263,13869.51888542448,,
09/1991,,,66366.33300448059,,14599.65963984801,66401.3431823617,,30366.8823062944,13757.301574772073,,
10/1991,,,64885.52762876233,,14834.15830721003,67368.85198393356,,31564.3288401254,13973.822867742829,,
11/1991,,,60990.63693543817,,13664.87302469626,62003.58083032291,,29932.29190820297,13858.45798634408,,
12/1991,,,63668.19988866337,,14213.518422266648,64385.65318801702,,32238.122758726746,13689.28839246951,,
01/1992,,,64097.98282893333,,14099.681533101044,63619.82764051358,,36223.65491289199,14134.427911749612,,
02/1992,,,65768.57251824846,,14193.2896011396,63883.08438209057,,38668.3047008547,14314.99388246438,10000.0,
03/1992,,,65162.33029332427,,13924.026879011944,62480.97344079284,,41045.35217355976,14220.11287839918,10067.64061302436,
04/1992,,,68137.77784439558,,13983.490232707947,62760.410692048805,,40392.63990659473,14291.68804515136,10269.780740213888,
05/1992,,,70640.33285484796,,14241.92158597267,63989.90289721302,,39478.46111681542,14345.857836365789,10122.864970710893,
06/1992,,,67340.07189686131,,13341.067346938777,60057.13906322283,,34544.52682215744,14033.577376958598,9686.87752644206,
07/1992,,,61845.26526639845,,12747.021001096093,57327.54118401762,,33258.98393861892,13987.616923866282,9602.987256402665,
08/1992,,,60089.228159039856,,12704.204986110122,57222.52105247568,,30908.605057340268,13748.776492876032,9169.25525665484,
09/1992,,,60460.60367143444,,12886.939833843464,57988.96907079799,,31731.274420638383,14481.33164936654,9491.321882692582,
10/1992,,,58581.55006562106,,13094.69039016244,58745.71348590757,,34819.055305905575,15305.235426451434,9920.291927926208,
11/1992,,,62388.92605191992,,14184.781931413783,63694.45082345413,,36700.48912973148,15599.113944034416,10930.112146862435,
12/1992,,,63778.89559549736,,14309.69796314258,64147.67490780602,,37754.88433559651,16020.681217192248,11057.097711728504,
01/1993,,,65133.74157914388,,14640.787490729292,65599.61932989054,,38678.38220024722,16220.803567904646,11367.305059451082,
02/1993,,,67520.35010337614,,15358.471875000005,68806.64596649997,,40306.8375,17023.90772388207,11809.294458555614,
03/1993,,,71343.29392575586,,16320.996452215244,73133.88249791604,,41844.76530300458,16876.248174606306,12117.829643162962,
04/1993,,,70435.81336003737,,16481.739034188737,73900.18254079277,,41350.5787324752,16846.370919998422,11422.597380087656,
05/1993,,,71369.11819576763,,16910.515640667385,75770.08643780077,,42607.48547711023,17058.165923353197,11757.08239924232,
06/1993,,,72378.8229585747,,17291.088377601085,77307.02050765016,,45151.18888512942,18247.158306034653,12135.607846862778,
07/1993,,,75707.55934628868,,18398.230914381445,82225.0945110299,,48309.35912177056,19256.808225125314,12599.43598874043,
08/1993,,,82980.21565546282,,19417.903100844072,86630.80170810358,,52788.82278098624,18990.06393811422,13177.410406297258,
09/1993,,,79433.5893204196,,18333.239570002563,81629.71661846779,,52544.058919887386,18757.12396889924,12556.483718152682,
10/1993,,,83714.13222506078,,19097.76414328873,84843.95986388587,,57930.634596460935,19132.227572325057,12966.66817947186,
11/1993,,,84106.84797888553,,18591.24064882113,82173.80111756884,,62118.89202269101,19351.76816513399,13187.99310195585,
12/1993,,,90381.36168465104,,19588.08257287144,86136.48090141875,,72354.82533888545,19595.167146860324,13341.53504260749,
01/1994,,,96272.04916057148,,21170.337446120688,93042.30076492437,,74670.19040948278,19759.62031811185,13982.159821309691,
02/1994,,,92505.45535715872,,20784.073316039005,91464.5108432438,,73059.72934967352,19310.20839089079,13550.3438992548,
03/1994,,,88028.86984524073,,19439.825282523,85691.7686082059,,65074.81624178713,18916.96925445001,12691.652797918045,
04/1994,,,91939.83730525758,,20026.3836056932,88576.7385285946,,63958.06541908276,18779.30496901764,12891.672761664764,
05/1994,,,86139.62645020637,,19711.49871045392,86876.3617709675,,64725.34054332874,18514.5044796148,12821.613417789253,
06/1994,,,83851.14258409844,10000.0,19297.24298037889,85208.77017769284,,61919.19834235453,18298.8120140506,12304.236876536706,
07/1994,,,85526.07745713418,9701.71937932652,19116.460032786887,84133.74721971164,,63742.24313114755,18394.008761889727,12316.604873200962,
08/1994,,,88340.10118156458,10027.978441187342,19820.13485967504,86747.8287619667,,71735.80221565731,18256.107668626908,12836.31017355328,
09/1994,,,83928.01296217272,9657.2647256692,19147.316171456405,83544.41871571058,,71773.59483682415,18058.461933141258,12388.229940679188,
10/1994,,,85910.35358738065,9800.378708566866,19262.73741041567,84259.97079491657,,69131.97204968944,17882.18810435332,12424.473496473596,
11/1994,10000.0,10000.0,83848.15113678505,9332.182502528718,18700.18632616777,81785.1990511987,,66512.037837401,18353.25808106721,12150.00857940921,10000.0
12/1994,10301.931555335645,10405.099244598385,86049.38416582727,9575.213960437166,19149.21909945572,84246.46810984582,,62421.077931716965,18232.979437186725,12582.41501311178,10405.099244598385
01/1995,10034.275419662332,10164.392842717509,83630.82188141733,9060.974478344986,18376.15535988368,81266.12337183832,,54639.949511269086,18319.48336424991,12644.893742612509,10164.392842717509
02/1995,10025.372090124642,10499.145223713647,84589.4931577885,9038.03463763445,18369.127133269416,81528.84341969769,,52655.84582933845,18451.24718790701,12993.880712335687,10499.145223713647
03/1995,9878.190236522809,10216.284937797574,85075.42913806671,9209.582135685288,18464.034249731223,82118.7708814733,,50931.329672861306,18615.74969412322,12857.48428695583,10216.284937797574
04/1995,9842.269906598374,10267.996649593251,86116.39164426744,9431.48336417188,18769.49633925881,83336.13589165211,,52198.03594456163,19048.70347712831,12982.853312539622,10267.996649593251
05/1995,10229.693885574425,10650.536711029526,89237.39402061989,9606.724602556318,19269.910738871044,85328.47281298498,,55824.32987608996,19884.822591467026,13710.366892566946,10650.536711029526
06/1995,10241.4184375,10993.703951759711,89327.0848773625,9782.380477007046,19113.356386529125,84571.50239243411,,55522.30439927184,19649.5737459052,13911.774039246971,10993.703951759711
07/1995,10476.962551915438,11438.66326411275,92891.08218758012,10040.99550469657,19805.27922632881,87752.24032544371,,56108.94971137266,19486.38354974938,14206.113189136824,11438.66326411275
08/1995,10393.548324708428,12050.395098478411,92003.8699706089,10281.197076907638,19958.17380088052,88375.50408205789,,56446.10546072449,19807.2976279749,14673.019847872903,12050.395098478411
09/1995,10739.911804740672,12379.943546898226,95999.1973499528,10920.270267237003,20770.35855432997,92097.03443530512,,56898.94907298756,19875.873228874767,15488.442608809182,12379.943546898226
10/1995,10359.587129765116,11668.038761648057,94059.42574361124,10881.140987098404,20105.485991528687,89217.37093241034,,53869.593361571046,20036.192130086434,15193.003751486518,11668.038761648057
11/1995,10119.366856525432,12155.934154511076,94932.9514763424,11262.549103923571,20782.75693447557,92495.14614665232,,53023.258207918494,20658.52310849745,15894.22979652807,12155.934154511076
12/1995,10460.206406899257,12592.647755390042,99492.47126182588,11607.472586217204,21747.61778126225,96687.24930833216,,56251.91600156801,20783.587243951533,16456.94876457078,12592.647755390042
01/1996,10628.099493731155,12775.38420250754,101358.71302174898,12101.342205778752,22500.964846849707,99611.20517696098,,60981.89733375655,21302.30492954967,17223.68184932228,12775.38420250754
02/1996,11150.188686352756,13158.677508379891,103798.23732174812,12344.76220551957,22724.483415802075,100773.132381904,,60357.15624900241,20791.04669061057,17483.252118797678,13158.677508379891
03/1996,11362.792140692296,13540.76615249641,104972.38733269116,12485.053139478629,23059.58867442973,102363.81708397644,,60788.451491465945,20778.35773769586,17640.287714165417,13540.76615249641
04/1996,11574.4476994852,14267.2757480695,106633.4254713136,12717.866750098248,23824.066071428573,105642.96432969705,,63757.96071428571,21208.36128981332,18052.98868677792,14267.2757480695
05/1996,12000.694664169994,14924.678016771151,108760.92453488088,13132.974788103887,24137.99692257592,106995.484505048,,64243.23404705691,21079.350357185143,18743.208585179567,14924.678016771151
06/1996,11916.564837224334,14440.285069876409,109105.74339761668,13313.916637215883,24082.159722110024,106681.28624976898,,64143.07386703287,21057.38643091132,18668.803072469545,14440.285069876409
07/1996,11530.687782020686,13238.349002386638,106101.99955782454,12596.975407693906,22830.45350835322,101326.26425399986,,58851.26749403341,20930.0134191104,17572.862696743352,13238.349002386638
08/1996,11627.121553015377,13812.329958218374,108260.08095805989,12641.45925165533,22902.493054789124,101540.89491783836,,59810.475206937335,21035.718514425545,17780.882700210288,13812.329958218374
09/1996,11624.70195451654,14420.1869163486,111496.07051562169,13327.359570115606,23954.05419847328,106409.88365052524,,60851.49217557251,21564.0466511426,18944.46329573469,14420.1869163486
10/1996,11930.541580920475,14398.087142059509,114439.4166919883,13484.754045938009,24124.65872218234,107464.91084963172,,59412.83632447953,21647.442475431188,19527.520175964382,14398.087142059509
11/1996,12141.972885039371,14848.566160629924,118695.34392100216,14090.280440213612,25088.199023622048,112009.60295487124,,59633.0211968504,22138.779255634054,20733.968605105485,14848.566160629924
12/1996,12770.834428973843,15484.569646680082,123672.488560404,14256.897172276182,25272.04940040241,112633.65152876382,,61228.55589537224,22041.97418794648,20772.9511051641,15484.569646680082
01/1997,13353.250289351854,16305.59912202381,127380.89833442953,15315.152865274396,26394.93005952381,117069.82555107116,,67183.88973214285,22735.584323321626,22671.04023865503,16305.59912202381
02/1997,14077.247845742388,16885.11352256061,134687.22157084514,16038.971812963026,27920.45983953067,123552.63828839756,,73113.5041325166,23177.51706989777,23844.209246047823,16885.11352256061
03/1997,14593.900783731891,16436.091103159368,140651.02339882293,15864.929363364334,27679.5482283121,122491.17455064926,,72019.34976435678,22695.89927773612,23129.89274528737,16436.091103159368
04/1997,14292.979812214817,16566.653450333455,140712.87320944032,16917.633070914864,28724.0025974026,127159.80947713036,,72539.08831168832,23240.55728776098,24644.072164033743,16566.653450333455
05/1997,14767.482977867208,18170.619839034207,146272.58454465755,17738.19831152203,30344.692730294813,134572.05451778104,,74386.72331379581,23585.536961755537,26064.431952580464,18170.619839034207
06/1997,15167.410796178345,19537.860744869075,155316.34282389822,18937.896790220297,32255.83407643312,142847.83689100642,,79248.1377388535,24161.374669455738,27538.11692278689,19537.860744869075
07/1997,15571.753031460266,21160.001296599385,167118.75438326196,20941.205895696472,34652.37725040916,153560.5123052454,,82669.0031096563,25167.13699332992,30556.4233795824,21160.001296599385
08/1997,16069.570954830266,22281.404588048263,162064.4311265704,19778.010850080784,33140.15501730104,147350.23775778493,,74207.37301038062,24730.779097762166,29667.345651145628,22281.404588048263
09/1997,16542.75676532192,23356.18699389855,173117.74885256423,20796.92546808164,33992.02500682997,151256.6138390343,,74263.34255532283,24850.199313257293,30471.42290547583,23356.18699389855
10/1997,16173.395541845492,22133.428234978543,161617.0841953391,19371.88923420158,31387.78084763949,140670.86794401563,,60950.89200643777,24603.692228756365,28919.15115397329,22133.428234978543
11/1997,15555.686016288644,21663.59167702952,160723.39824711316,19345.57211973168,31212.128785357738,140190.5015893399,,57518.353078203,24679.19445869677,29635.18627072745,21663.59167702952
12/1997,16021.686934076804,22576.47929490062,171092.28914895593,20393.12300481488,32475.10997391852,145703.51622969736,,60493.72218724704,25114.249911197065,30957.447132087964,22576.47929490062
01/1998,16869.51097249057,22786.477937252745,182313.5248376896,21462.959899371563,33953.44471432514,153183.99090702526,,57031.48136903119,25851.639894225835,32019.795525622503,22786.477937252745
02/1998,18098.369389516207,24435.5204333058,196134.29666105588,22823.51889165652,36196.27155053704,163160.93670644032,,62845.41200771138,25846.00584125982,34253.596854553405,24435.5204333058
03/1998,19889.520434902795,25613.05125587396,210876.65944594887,24442.908065103336,37879.80088454805,170652.24659611567,,65814.32496084033,25911.23653155465,36140.37048391496,25613.05125587396
04/1998,20425.41199414295,25719.427511668346,213510.76431165665,24837.69275503316,37975.89658643726,171127.45656904115,,64656.53191177816,25692.56423412401,36256.759877504766,25719.427511668346
05/1998,20971.220120764247,24188.34860310022,214517.924368949,24473.49070809228,36687.93287671234,166383.9192603877,,54946.140410958906,25671.379800292063,35090.85666363194,24188.34860310022
06/1998,20315.83673747277,24126.58167392884,218443.1866592716,25582.645639051105,37620.14901960785,171544.17313623577,,49539.67483660131,25880.283774716816,36781.39527653441,24126.58167392884
07/1998,20108.85341401274,22408.570884440403,223285.7337205117,26677.04881790596,37721.470373066426,171648.62106685134,,51231.3137033667,25666.367367880965,36475.82309109218,22408.570884440403
08/1998,17739.045696420482,18355.95155052107,194404.402583094,22485.59625494046,32304.33754417761,148126.53873703408,,36269.79267784323,26148.54757863993,31075.010653770016,18355.95155052107
09/1998,16068.197567170628,18361.39107732182,177924.91096089754,21325.95895684753,31409.90638444924,143689.37233193914,,36771.157477321816,26140.821723171648,31523.098743026138,18361.39107732182
10/1998,15858.548874282387,18386.28764456278,185068.22947182995,22048.35345073419,33012.210866128626,150867.18500687953,,39141.80467592978,26672.63290839484,32828.01582744618,18386.28764456278
11/1998,16667.473973118744,19858.72867905145,200554.6647025536,24306.480980407257,36029.613628970124,164439.9040039111,,43623.9635647633,26919.00185499468,35825.13205856945,19858.72867905145
12/1998,16739.571619598504,20527.47237495747,207988.02342530404,26468.80790575721,37462.341374617215,171348.44221891378,10000.0,42717.47567199728,27145.31120495718,37647.83637751166,20527.47237495747
01/1999,16963.640948699933,21249.486284258608,213401.6700022833,28625.866048904787,39477.1675509487,180796.55679470647,9936.701170063245,43401.64158468025,27810.218257883727,40503.79747793662,21249.486284258608
02/1999,17456.6277999637,20141.767830822297,214894.5884723812,28475.193109911208,39763.39762207298,181806.6064864919,10086.814449083318,45279.56770738791,27845.660496507084,40548.64519376216,20141.767830822297
03/1999,18201.195596723144,20668.17401228822,222821.2866310721,30125.96579583776,42619.548426736175,194214.83370828492,10487.306313163284,52563.69350214113,28386.51971425189,43254.45603859343,20668.17401228822
04/1999,19352.261075776165,23010.864152118524,232600.34921988423,30355.69237719168,45069.23248089081,204605.64254084107,11527.732582051523,59875.14088893083,28954.50329557564,45544.28192582365,23010.864152118524
05/1999,19402.04383320582,23836.26957345065,224414.974656307,29786.610293900347,44062.93198163733,199759.49364811045,11981.551947207345,60329.542482785,28878.813592769468,45068.47971674032,23836.26957345065
06/1999,19826.231915182037,,,,,,,,,,
07/1999,19779.42360201983,23816.68698522537,225196.39610768063,31172.03969203974,45042.394595100064,203755.3449302743,11690.50432728633,63897.13858238264,28323.89391009196,45058.68401518935,23816.68698522537
08/1999,20267.905114915357,,,,,,,,,,
09/1999,19920.05156118144,22492.207617440225,226344.31548910728,31307.37649281884,44624.30430379746,201913.42143311736,10939.995812845757,62465.79172995781,29042.91155227533,43725.21431450646,22492.207617440225
10/1999,19991.674943078546,22568.12570171243,239432.398893994,34091.080739352554,47835.21903759687,216688.52871432208,11131.295629580023,65089.71613890751,29412.538974622094,47435.09575610408,22568.12570171243
11/1999,20622.2630523918,24167.05804100228,254559.12621378904,37900.86452136613,51060.52548281668,230610.35476050669,11358.8551450926,73426.66160245618,30381.971030508743,50105.83632133739,24167.05804100228
12/1999,21912.64681664344,25442.08212223771,282075.07193502854,45012.98476929513,55595.095819231545,250512.9941823113,11570.301774636671,83185.24963169421,30443.7384062833,53326.22866810132,25442.08212223771
01/2000,22279.08937187213,25163.87053824942,268807.9064112896,43287.77320842785,53965.93034419364,242288.2800773727,11242.62745092432,85860.4465529568,30525.6245806528,51966.05873946909,25163.87053824942
02/2000,23036.046781964174,,,,,,,,,,
03/2000,23372.132440071186,27530.783458599395,296872.4672042245,49793.5867044045,59146.62131267664,266141.69568614085,11919.305398094835,89596.89006594787,31946.97477996605,57364.30157278598,27530.783458599395
04/2000,23262.54794936709,28006.00541772152,298385.30461533973,48604.927241426645,59403.7398789213,267986.7222498553,12572.134258227848,85281.69219592736,32450.191419662944,58504.586453145566,28006.00541772152
05/2000,22796.81053853596,26590.825516500056,289010.43095136713,43868.7233600822,56506.237729764594,255050.1082766076,12833.086160593357,79840.17020316028,32135.24687216324,55961.41585305012,26590.825516500056
06/2000,23067.91484093764,26590.07630598577,287398.51975543634,45101.01616382506,56874.80399748849,256627.43990774656,12110.8119744663,80464.26473419841,31843.40095512492,55822.91665074519,26590.07630598577
07/2000,23592.798809910204,27932.373863464247,292383.80081749737,44739.34397405828,57073.7429406037,257817.0081875022,12460.708796711022,78910.68899707886,32385.50341397956,56810.97274556172,27932.373863464247
08/2000,24490.974819223004,30676.1963867056,299876.2685042332,49258.40385686953,61074.80238041771,276243.3113592198,13826.242688075456,82299.30855602966,33497.562852744995,62622.98638003693,30676.1963867056
09/2000,24379.44820992585,30643.021599543645,290434.59507620416,44534.70311339283,58648.87180832858,265729.3168800189,13802.320580034228,76321.59402167711,33681.56253700122,60271.12342589394,30643.021599543645
10/2000,24294.17395746704,31258.661618153743,300149.2047833566,43698.075186123606,59878.812189616256,272045.5854659542,14614.677342996316,73714.7742663657,34623.02166791649,62497.69018405656,31258.661618153743
11/2000,23613.39368493782,29069.267544910184,279655.53329559043,40828.57600557705,54442.217549516354,247639.25543011984,13924.67875909719,65201.32330723169,34381.576350791336,55800.3298925952,29069.267544910184
12/2000,23614.858097796885,29630.55034067706,278982.40342565795,39349.453648666895,51657.55815153143,234819.9984987017,13493.313177001612,62319.01212251477,33019.23076923077,52331.1923380711,29630.55034067706
01/2001,24517.63028731303,32789.95487571291,279470.5739516973,37653.56507445067,53032.01121274078,239650.89705787727,13565.210828365434,70991.89482406112,33292.72407940956,54257.826812403066,32789.95487571291
02/2001,24296.0439316609,31647.909919982703,256176.7126369687,36008.58421204268,48806.29191176471,220438.45204394544,13297.07710769896,65751.54134948099,33656.539842917475,49550.44723592158,31647.909919982703
03/2001,23469.507447916665,31914.77645833333,248235.05658979452,35545.24462014486,47664.976019021735,215621.61521839644,13310.340996829713,62086.26644021739,34002.002999565855,48597.43887988294,31914.77645833333
04/2001,24466.55981072556,33767.274209103205,264557.47063365806,37032.51757141456,50883.307908968,230368.32081145383,14017.022102748986,64831.07818837313,33781.88025417374,52114.34164476126,33767.274209103205
05/2001,25532.931849056607,37003.0315778302,263411.84553669364,38697.49489582069,52665.70924528302,237984.00999649244,15118.189659905658,68668.54259433963,35229.39771875123,54913.45060687364,37003.0315778302
06/2001,24475.042400943403,38016.07986792453,253454.12000096447,38059.62677739902,51052.1750235849,230494.193973948,14887.813649528302,67258.99443396227,34948.22788806883,53576.93451420489,38016.07986792453
07/2001,23726.73159109081,36337.87990177043,246103.4470739832,36361.10827779619,48669.26412335809,220270.13823347213,14457.673819760135,61029.71444888635,34666.85085053479,51383.197841663336,36337.87990177043
08/2001,22954.05374535925,34275.23685739245,229148.0828800385,34246.55096163163,44389.31452282158,200438.5474064957,13651.579904345925,57768.591286307055,34647.847022141534,46046.94120833865,34275.23685739245
09/2001,19840.084836272043,29770.575566750627,206890.26645717552,31405.70310620535,40453.858219253096,183290.37078367945,12775.537844704852,48971.57590625342,34813.16848877136,42453.6971741988,29770.575566750627
10/2001,20767.64192656492,31324.55793408538,215568.8823561328,30912.32580307573,41720.13443928333,188628.8805784944,13072.789013934973,52522.63676177837,35477.97687176856,43689.083876814,31324.55793408538
11/2001,22250.46287929872,34392.655500112385,227850.70507764613,32071.165435768016,45002.61847606203,202992.3216175121,13877.15074938188,58944.9145650708,35186.56510241938,47801.58370330424,34392.655500112385
12/2001,22885.595760807897,39245.95294224442,235941.0424603081,32877.204850389324,45862.529853625325,206217.79621333536,14519.853874957447,64237.32098036992,34473.09271026562,48685.43039070807,39245.95294224442
01/2002,23067.760657635758,,,,,,,,,,
02/2002,23432.1164281586,40282.79819674027,227761.4693021674,33126.62168493625,45107.39244018032,201902.08766946688,15163.43535683736,68769.39241706161,35009.570983147176,47930.80202261471,40282.79819674027
03/2002,24633.394406235675,43675.638613021554,238095.37812669852,34222.40380614274,46749.88679504814,209031.991104872,15553.425168271431,72295.9107977992,34617.08173816947,49317.29080225841,43675.638613021554
04/2002,24945.68454040853,43377.95812611013,228828.84516469177,33075.84788670729,43842.00812611012,195560.7837338328,14866.350747335697,70471.03627886323,34713.99534277933,44866.704724781695,43377.95812611013
05/2002,24664.504830084166,40333.79580909769,218917.4837676008,32097.933408847384,42131.33595397891,187977.92151641383,14225.348614040691,66548.28513902206,34427.35919801082,42738.01602758493,40333.79580909769
06/2002,22259.48005614035,35538.06597493735,198860.88473011472,29031.562110758943,37228.25828571428,166133.49618426026,12546.12694736842,57927.15771428571,34141.80842246517,37353.963199114856,35538.06597493735
07/2002,20290.60263313912,31241.14361238884,180202.5545519608,27707.8887365787,34775.540938362465,155100.92639628492,11768.420527036697,54571.81398344067,34730.66069384694,35118.00017480017,31241.14361238884
08/2002,19887.04279060308,31128.40588426727,179253.4290421378,27684.86613454771,34688.14908979966,154575.76544394187,11976.819835655446,55130.92866876844,35325.95611161542,35168.81888420959,31128.40588426727
09/2002,17438.191271805274,28328.03915415821,155246.33741785656,26288.92649091392,30798.886308316432,137180.24601685806,10855.117212576066,49048.11036511156,35437.147255002565,31260.85114589376,28328.03915415821
10/2002,18109.958667883213,28948.63680454177,170182.59552830493,26128.46029954416,33053.44361313868,147228.5159221501,11138.09014760746,52209.55218978102,35220.5667600742,33998.5276720812,28948.63680454177
11/2002,19064.909866021964,31193.025385312783,177406.04557206124,25760.58065973208,34640.24533091568,154159.50777591695,11553.7558251234,55449.17280145058,35105.2413466472,35771.1860814394,31193.025385312783
12/2002,17804.129369695816,28303.30376847526,161843.18207792295,23539.711810971927,31227.15676551922,138837.42258378377,10651.124329169448,50744.265490607424,34952.08588230651,31871.7564331781,28303.30376847526
01/2003,16911.37739644971,26819.53527551776,149496.6672694102,22189.57835611206,29393.64153106509,130512.02798075438,10162.940266272191,48986.51671597633,34635.27647314205,30092.76258441249,26819.53527551776
02/2003,16088.116581339267,25982.24395288444,145073.86059711676,22153.095785388065,28969.585475792992,128632.22827951952,10060.358914858094,47814.67996661102,34980.85803370565,29734.72117918104,25982.24395288444
03/2003,15779.183966957322,26076.691612666364,141427.2788568659,21973.86590515818,28560.75744837081,126877.89942167644,10003.80353813676,45977.05173015145,34657.08252752891,29712.01877670033,26076.691612666364
04/2003,17748.802700565986,28930.847774683323,157098.92664427642,22940.910374523173,30451.678770999904,135193.15131186057,10321.142759500492,49010.68930015273,34293.296364999806,31477.568592699285,28930.847774683323
05/2003,18836.69883268483,30063.921478599223,157510.51874469253,22581.49112887431,30340.27166300119,134538.24963147243,10422.61483031636,49457.95883945187,33951.45439475866,31199.21952164579,30063.921478599223
06/2003,19953.61914413232,31801.74309442549,164526.42205806353,23576.02977374747,31991.90769230769,141580.25720835966,10898.893259823224,54083.86264111315,34216.32395311205,32689.452164639675,31801.74309442549
07/2003,21201.041770630854,,,,,,,,,,
08/2003,22792.914794545624,36034.997267319486,175218.57759627298,25341.08724814183,35010.017626063884,154292.8704787041,11732.86455349135,64134.71509105884,34534.83048506137,35466.4482883288,36034.997267319486
09/2003,22287.929435290083,33414.34520425678,167658.85992649067,24020.353761664424,33041.361997940265,145563.41564566983,10960.489479231032,60585.09747682801,34411.07865966768,32906.48448411636,33414.34520425678
10/2003,24163.285379452765,36195.2169987954,179336.37551890573,25471.81635594689,35136.2448631905,154584.9047950395,11537.369959731544,65910.4418688694,34305.61037218297,34857.75252587352,36195.2169987954
11/2003,24192.59372186093,36453.33561614141,181170.1922047544,24966.33026597829,34568.0819909955,152054.36205555347,11419.208340837084,64651.03101550775,33829.92264277539,34073.79337908959,36453.33561614141
12/2003,24309.32553444181,36089.94177830563,186176.47995315952,24512.77771699472,34908.90940617578,153445.46800453623,11352.489960095012,65846.38646080761,33426.20475983739,34054.96312638137,36089.94177830563
01/2004,26187.87636950905,37930.45664890182,192094.59593106,25282.382695046734,36212.470058139545,159004.63811456438,11900.094537467698,69539.37034883721,34033.60697793741,35368.9371868021,37930.45664890182
02/2004,27482.96489450798,38641.746021903695,197179.5621170984,25709.19575783932,36779.750781124174,161224.57529357894,12037.877033338702,72548.0375261717,34081.96511031298,35762.360965954496,38641.746021903695
03/2004,27438.41371073299,39629.26352912305,194066.50921771844,27120.44027524597,37164.49986910995,162696.47419695088,12288.638932264395,74646.38491492147,34952.84564076252,35781.8429197264,39629.26352912305
04/2004,27525.25714237884,38768.48669791579,196919.1390166677,26819.96874759947,37153.31756926425,163059.18826933578,12526.02931614631,70132.73225077425,34298.34826538264,36036.72876253276,38768.48669791579
05/2004,26996.572279062144,38613.80854730284,195999.3432371773,26540.17475416076,36695.77009345794,161158.95909201252,12493.872597147074,67336.74953271027,33926.382365710226,35779.54821204492,38613.80854730284
06/2004,27981.90494282189,40303.51777375566,199323.6235091645,27468.983843686103,37569.83531057178,165049.18716034506,12778.387064747016,67883.63486631017,34121.43308205391,36604.31563658813,40303.51777375566
07/2004,27266.719014868348,38955.03557936706,195706.06013424683,26579.035800582624,36728.55295290307,161198.73073141734,12491.089331339812,67325.81774233741,34303.054821012745,35733.84719008805,38955.03557936706
08/2004,27130.089508711088,38754.95727025018,194659.96755211035,26759.819862627635,36747.27451077533,160944.69461268224,12547.696856081244,69727.0819915779,34789.39890279039,35665.09118452032,38754.95727025018
09/2004,27813.21999032961,39042.25852687566,197604.5928174005,26964.644664333457,36620.42514304134,160051.19636439072,12480.563329841243,71983.09836409059,34514.29727276315,35185.59785756319,39042.25852687566
10/2004,27969.087141399075,38697.1615278323,199464.91807793817,26746.3641658718,36557.8103478056,159745.26147159206,12408.484304938367,71809.48786998507,34693.25492362947,34803.20460244126,38697.1615278323
11/2004,29432.71542685221,40182.00317713427,205111.9407471089,27504.091116368807,36947.30053403536,161080.06216990584,12528.115864610756,75167.80571643476,34394.452776571816,34691.58037743318,40182.00317713427
12/2004,30538.95205638353,40710.26922546068,208680.96041803824,27469.913987765533,37468.6974524631,163226.59221661455,12702.62512297188,76900.85052492475,34197.99108023839,35013.53909496121,40710.26922546068
01/2005,32476.021032604527,41271.91779056386,214020.6823653255,28356.837548901287,38330.9900575374,166724.43460941807,13088.988804909855,80612.33855005752,35162.598176579704,35695.78063745927,41271.91779056386
02/2005,33797.54106811496,41552.7731236328,220963.81264229017,30116.73979186477,39012.34786150713,169125.54604054993,13170.762815418268,86222.35342837746,34566.41472944705,35836.63425760494,41552.7731236328
03/2005,33489.47122647332,41823.75729404505,220267.85872276084,30121.110314369045,39031.01116939216,169590.7912398462,13309.035248688677,82362.27398950941,34841.45715751668,35997.64030669475,41823.75729404505
04/2005,32131.850486995445,40010.021120629775,214800.8352025053,28870.58952268053,38216.79884232461,165985.15817405828,13110.903270510147,80210.3630470016,35611.12207443659,35334.00799078862,40010.021120629775
05/2005,34131.68858324548,44813.15698807883,226506.51072655307,31229.358063100222,40936.83420647149,177510.46337936883,14077.99733711783,87249.79691833588,36474.36555235426,38309.13378905602,44813.15698807883
06/2005,35554.701710221634,47224.86138604036,234164.9552491616,33207.977207111726,42186.418392325504,182585.2985544337,14521.857608666887,92045.60621898776,36869.85436318429,39121.76925726601,47224.86138604036
07/2005,37223.86320185232,49819.43485156703,242673.5859933133,34654.86066051507,43753.98055073183,188947.67694748845,14931.098937567183,98550.4151327214,36388.70031969057,40573.29403006217,49819.43485156703
08/2005,38000.251700278735,48494.29233972783,244171.7395872945,35439.61682328996,43726.94579439252,188732.71971307648,14668.458888014427,98581.58971962618,36582.00457828472,39857.03367604118,48494.29233972783
09/2005,39360.54106626807,48872.42931738915,253336.2002521074,37660.38866330223,45638.46576980568,196143.2727553624,14923.300895200133,109170.12047832589,36595.51249161306,40700.36459084229,48872.42931738915
10/2005,37472.687578807294,47131.694272644105,245746.47152015663,36168.18304354242,44487.91923812693,191687.066451716,14588.627902520171,102198.7053979872,36169.9885542882,40085.10096429412,47131.694272644105
11/2005,39492.857979437504,50054.47545076048,255283.48244026603,38214.8712602558,47126.33882232984,202348.8428678189,15331.084605998807,113048.74366556208,36295.17109365749,42499.05403968774,50054.47545076048
12/2005,41540.21132999916,49912.511965754005,263638.12365439266,40537.55949946693,48182.38169026024,206340.8923373297,15382.865015173347,119461.2899720268,36682.08548762679,42412.94280776664,49912.511965754005
01/2006,44129.3212493811,51605.24724707049,273423.2072739727,42451.00490027665,49225.50103977555,209844.7516178599,15279.18530648622,129357.54603069814,36086.29672021155,42382.68650713383,51605.24724707049
02/2006,46355.90081852632,52385.003368421065,279250.444483043,42297.85655666544,50179.42368,213820.04232276423,15756.33563991579,131878.22976000002,36559.56703635001,43367.33849599113,52385.003368421065
03/2006,47921.45348149373,53091.2685624587,284609.6797110571,42942.65346598172,50286.79109385328,214387.43005597583,15605.43732055519,130542.9879378718,35604.13624343845,43076.4616225624,53091.2685624587
04/2006,49015.65744755523,51680.86919518226,288815.53884984995,42899.55264257508,50190.5664034458,213267.13908941075,15320.066248065725,135028.48528356064,35014.15913486206,42147.13024399904,51680.86919518226
05/2006,45895.75065899907,48490.33844109419,273615.96190842206,39309.88674889859,47013.03212620454,200683.72658873344,14679.145661796703,117799.22098228164,34970.97130678455,39881.14407726758,48490.33844109419
06/2006,46054.494025013766,48943.08767088808,277852.916192005,39551.95972028458,47585.03206166915,203070.9552614916,15141.857461181464,118982.63663966018,34770.70095117812,40422.10683249335,48943.08767088808
07/2006,45758.328963734646,47529.49643299132,280895.74763185746,39207.31097933885,47718.87130884311,203474.00851319212,15270.276043236468,120221.7221116942,35110.40178395232,40499.42583883536,47529.49643299132
08/2006,47191.43758462378,48167.26098824995,287867.1237828568,39072.81621340731,48659.95214380204,207391.08851789075,15402.169459808574,122538.6931445024,35328.15645103998,41192.00690684879,48167.26098824995
09/2006,48886.92748025277,49508.91157503949,294711.8745694034,39411.24224461512,49983.200047393366,213030.1467046869,15920.293707740915,125433.02488151655,35599.23234794963,42891.01199974343,49508.91157503949
10/2006,51697.81373188406,51708.75891304348,306479.83468649624,41700.39821328573,51720.63360113421,220222.71159759248,16397.231020793948,131024.81441398869,35659.707147649686,44163.07428539298,51708.75891304348
11/2006,53100.57432272728,51440.72408787879,305258.2018096428,41631.76204885103,51176.70640909091,217001.14334248385,16069.996009696966,135407.57809090908,35272.26980305482,43284.58200000344,51440.72408787879
12/2006,55873.49570994686,51881.269365224005,315777.93087579426,43115.39215397705,52450.87804100229,221917.35707023772,16301.190055884585,141840.00232346242,34794.115325413426,43991.74419908985,51881.269365224005
01/2007,57830.14786629613,54259.37865524163,322940.0023996374,44562.158743174936,53867.51338582678,228281.1595796261,16905.643470742627,142748.52950440018,34833.57343016142,45401.68451648072,54259.37865524163
02/2007,57383.33615169177,53402.92822647794,315518.3362534028,43591.23413168448,52562.13558398305,222675.5197086388,16436.764724244946,139160.76301566878,35062.300193393065,43647.72922721974,53402.92822647794
03/2007,60113.00906892928,53505.15555939332,324326.41279538337,44600.50603589234,53207.51411623367,224929.89195155492,16444.44515663012,143572.4474245382,34863.707226585626,43781.32759303148,53505.15555939332
04/2007,62048.1564954061,53921.08974200661,337982.69193546847,45295.13782906663,54426.15148842336,229895.50613904087,16598.5690216832,147231.63850055126,34369.15380668588,44756.14983862263,53921.08974200661
05/2007,63588.46189994798,57005.80295101465,347822.1420137547,47302.51955371038,56728.635427042296,239007.35457794403,17333.598502936147,156166.98995019696,34148.537711647,46841.24543424632,57005.80295101465
06/2007,62328.41065827472,55517.533827471314,346414.7415487667,46822.19591508054,56364.317260273965,236250.6324641869,16933.62879200296,162924.021369863,33817.97371433082,45885.70043928855,55517.533827471314
07/2007,60969.16341139565,50845.945894798286,334041.64220641216,45934.003971163234,54698.47747866053,227613.98401736736,16011.725175165971,169075.88509520682,34364.10190630303,43807.7697799022,50845.945894798286
08/2007,58314.15210361183,50931.14022181686,330401.5370731956,45382.18389369371,54578.303947464425,227474.54202017732,16323.287918861726,165562.23992703395,35078.0775150965,44470.94492113012,50931.14022181686
09/2007,56639.53053388816,49643.04979194584,335524.20194334816,47385.866124878405,55602.366753649774,230326.10843651288,16127.564652796387,177713.77910995134,34438.88384575917,44591.84451960796,49643.04979194584
10/2007,58745.05751782377,49416.5586973074,344646.0254420172,48622.58691207098,56710.88883505226,232986.8598496981,15849.477119955696,193881.7553678964,34390.14090065911,44460.79289900342,49416.5586973074
11/2007,52740.59340559584,45067.27992954406,326517.6850277712,45553.90644930742,53073.16145247612,218709.7902575639,14977.107364541698,176314.51457218349,34846.55839286419,41695.80265895544,45067.27992954406
12/2007,51226.45191087563,44564.78321988996,321669.3687371992,46068.69985361461,52642.30760138578,216474.7392212931,14825.885223558182,177428.40354595476,34802.90681611872,41519.0348558423,44564.78321988996
01/2008,45328.250399462006,42719.89108540686,285219.3226303825,40787.78987892187,47858.41513113651,197928.522288562,14114.11603819771,153781.84095494283,35643.24900343371,38637.59140019671,42719.89108540686
02/2008,46142.90462451374,40031.24839058483,284124.36663600703,40731.85181686167,47075.933579481774,192929.54215943883,13441.091258653656,161954.0131865234,35609.10920787781,36650.3962662339,40031.24839058483
03/2008,44587.27364153807,38035.001175056925,273668.5356548583,38549.61534720881,44513.23797116114,183285.78465006943,12898.608554009612,147140.76321780926,35213.472392153766,35003.557924308334,38035.001175056925
04/2008,46060.7657927928,40563.94674388674,291060.0858088972,41837.21608343918,47852.23285714285,196295.5840930236,13567.474777606176,161890.42285714287,34659.707147649686,37350.86346932208,40563.94674388674
05/2008,46295.69166623678,42200.09554810421,292950.50199385645,43129.26055201555,48754.86325767346,199699.986475483,13777.339890895022,165281.16588857365,34206.59509807791,37912.72608960402,42200.09554810421
06/2008,40528.50003171785,36512.42115452932,263110.93217147305,41700.89607585526,44040.63996447602,180788.14015367985,12287.20206394316,146398.52808931743,33894.00876188972,34152.75707528149,36512.42115452932
07/2008,38836.33522516176,37788.4886400615,258053.63895773905,38654.55916172066,43331.37809237077,178099.26392086272,12648.466480814808,142373.9953494331,34281.13036271065,34197.57130100922,37788.4886400615
08/2008,40447.36868951476,42085.70812351545,262629.3298294094,39951.98793592413,44938.05959959281,186036.88089184448,13660.800705259584,138839.24143875128,35623.52488455618,36754.69903194867,42085.70812351545
09/2008,33327.9584003356,39430.4262364539,229748.7132559172,34284.16713324827,40527.74602530938,168860.6874779441,13630.911450464935,118016.88560441868,36905.49394166634,34490.77914007785,39430.4262364539
10/2008,26482.949839303918,,,,,,,,,,
11/2008,24409.768907048016,31406.868737330093,189401.10231869525,30961.11102859977,34155.55907912313,143835.52119359814,12133.978446452424,89105.85484403238,41571.40742787229,29937.63252394275,31406.868737330093
12/2008,23823.05750377237,30694.64191851693,182299.0920928209,29139.019842885424,32382.49251993965,135756.74134553608,11182.299259610549,87864.60426816125,40656.89505466314,27669.058512370844,30694.64191851693
01/2009,24519.2798954432,29541.467077091136,176068.01895264108,28866.49482749359,32170.84002808988,134504.58639078785,11126.512798377027,89290.08370786517,42211.69633342543,27513.586913296447,29541.467077091136
02/2009,22874.11800221449,25656.33028313825,160331.79300387847,26225.872297395537,29435.86210060108,122379.2327514106,10174.07604428978,85414.2998418222,41347.03200852508,24918.4403024196,25656.33028313825
03/2009,24001.887224226037,,,,,,,,,,
04/2009,32282.89446026366,35826.42588775895,186061.99963570395,27450.53001119352,33973.34481355933,139413.89690350948,10665.585171525425,108556.64040677968,40628.98133164937,28283.56367920009,35826.42588775895
05/2009,34703.1542133636,36912.27044261598,196452.4677576924,27225.58791288208,35215.51293800539,143169.6467256547,10326.32096921549,119744.91509433962,39300.10459012511,28122.048075638548,36912.27044261598
06/2009,34151.373277203915,36728.42905759163,192114.8431705073,26891.783065074087,34942.999476439785,142160.73322388367,10451.635452384322,117854.7219895288,39703.072581600034,28106.109272677026,36728.42905759163
07/2009,37876.86826425237,40927.49950488047,212232.16640699943,29085.90903266689,38020.4457631914,154157.68848690137,10894.456825293537,131154.35118121377,39957.97647708884,30223.31785087057,40927.49950488047
08/2009,42873.17891115472,43644.741855381166,223498.7168114567,29369.33344902768,39026.22338845292,159010.34673271034,11020.764010650222,129492.747771861,40258.79149070529,31020.47264920666,43644.741855381166
09/2009,45335.85832684559,45542.12546199549,227945.1896731369,29893.49750540132,39794.72575291948,161158.92398061132,10978.53765731066,137688.79360786724,40438.439831077085,31362.81113699437,45542.12546199549
10/2009,42264.56751351352,41828.41745675676,222907.8743832048,29201.572443312685,38772.1125,156612.55217144376,10773.86722108108,136409.265,40095.34475273316,30453.688672134493,41828.41745675676
11/2009,41493.48223923318,42758.3928296612,225973.8821496376,29983.71840485276,39784.58704652866,160592.44059568894,11127.377577581045,140163.74973041334,40649.53427793346,31801.20243830518,42758.3928296612
12/2009,43355.15125780925,48056.98780508122,239209.04760504625,32149.2860858763,42359.89304456477,170477.80059489416,11842.111924753572,151957.1831320283,40386.40131033667,33803.79860101283,48056.98780508122
01/2010,44314.921320349415,48350.231038235725,232166.3471047409,31000.02211438052,41814.64738651009,168580.70975258332,11934.90652183875,148028.06129170844,41740.23167699412,33614.46247457967,48350.231038235725
02/2010,43280.93281355933,52233.435186440685,234187.2989323313,32784.5967086319,43599.04461311717,175946.02834225824,12553.73599705232,152915.99014001474,42617.101472155344,35667.01017282256,52233.435186440685
03/2010,47766.51340455524,56877.73958157133,251048.01302206423,35364.172510460536,46738.78210549744,188103.8675760578,13129.65009362712,166389.2569330069,42226.33895094131,38074.736889437816,56877.73958157133
04/2010,49305.67366128428,61178.89606909501,247264.1859894596,36259.31115273619,47418.71481787458,190447.44751449465,13420.593093503569,170516.9978820879,42816.888345107945,39152.16630708816,61178.89606909501
05/2010,44834.459722109386,60608.7709758674,234946.65453484352,35664.223103710625,46483.888583732834,186309.2059319428,13606.727965873082,168336.14040789797,45946.65903619213,38976.52744228422,60608.7709758674
06/2010,43945.12504441365,55865.1159155733,233884.17401496667,34398.24950133403,45200.38498899845,180449.209517727,13307.878222801724,167619.04390840197,46827.0414808383,37044.52037156023,55865.1159155733
07/2010,46479.41483880873,56625.38248848634,245946.60807011492,34980.13157087035,46051.70181148296,183743.59898204065,13189.608466380105,171138.74521031624,45615.42408335636,37336.580972215525,56625.38248848634
08/2010,45222.49076813881,54157.71908517352,243398.4719824516,34321.34858197671,45680.34123028392,181738.04445474027,13446.079830599369,172479.90790220822,47679.65820736472,36629.6468728334,54157.71908517352
09/2010,47592.92630861665,56143.280523153575,250986.5468345536,35604.77610042813,46515.50319460727,184592.4370936894,13330.483112837046,178076.40048358732,45427.66507479181,37068.6788467851,56143.280523153575
10/2010,49451.60112001156,57497.37112506316,257911.05895510045,36643.228212296446,47479.02801472181,188585.3067414826,13467.988179259575,180498.52985494697,45241.18877530884,37898.86058130066,57497.37112506316
11/2010,48485.17424219111,63260.52801200185,254079.2908070788,39232.17713442961,49511.42788121249,196707.82303860164,14264.308746884137,187355.23303585165,45997.464182815645,40408.58336054325,63260.52801200185
12/2010,53360.55522227212,66691.48900164646,267901.6779360206,40245.22864149301,51703.83488998653,205418.2359669321,14654.73204879509,195278.24777727883,45408.77965031377,41934.80776964689,66691.48900164646
01/2011,53497.803293894256,65761.65553461877,271749.513434496,39567.85935717732,51260.99171779141,204996.22919058465,14186.856087058131,185437.56796669587,44416.49563878912,41894.03614267691,65761.65553461877
02/2011,54233.66595633946,68295.69637415066,277790.58675383945,40597.40560329294,52233.01179702184,209995.8648289401,14424.334118548502,181849.70649125343,44257.92319532699,42884.52421057183,68295.69637415066
03/2011,52895.875606391215,67598.73434926444,268242.0732742499,40020.18622397294,50831.99176462308,202465.93818640747,14216.607672837332,187514.25248117125,43192.94904684848,41775.20780700845,67598.73434926444
04/2011,54161.356063257066,65987.5026258412,276975.0395698913,40261.12831321514,50614.55236877524,201792.1725267382,14260.801712516824,184874.2587617766,42632.16837036745,41122.249113876685,65987.5026258412
05/2011,53712.94049217936,66868.55407299272,276678.4751030991,40882.3754784267,51210.83036496351,204130.9804267629,14883.394292665973,186045.5559541189,43945.70193787741,41999.27378152754,66868.55407299272
06/2011,51355.79002560023,65133.7291856362,270100.54195798066,40339.20871865678,50186.553725870064,199956.4620685825,14618.83205203072,182399.53462948863,43665.27213166515,41104.87273701377,65133.7291856362
07/2011,49434.537838709686,63620.8255483871,264476.3467412513,40328.2762123352,50054.02396914447,198988.01814440385,14365.437110518937,184172.9358345021,45077.01187985949,40814.09767802413,63620.8255483871
08/2011,43194.17441799308,57352.941947404855,234850.0126091431,37583.57498786761,45807.83028373703,182535.78883432344,13990.194037093424,165575.882366782,45945.43552906816,38089.40722571029,57352.941947404855
09/2011,39806.12156409687,54360.50412204696,223734.4987829254,38367.46987769002,44410.170273272604,178466.08010134273,14408.058005776493,151384.96649633415,48416.60417571141,37895.38655103759,54360.50412204696
10/2011,42022.690839225776,60190.69415470324,241892.2144504852,39448.48054498676,47430.944546818086,189921.604537392,14884.75263795443,165353.6437540176,46788.00765678652,40541.83992800663,60190.69415470324
11/2011,40436.40236696974,62689.36020718439,241012.72379014103,41145.24113692657,48034.93481889998,193334.99702988504,15639.149259800264,161048.41426442092,47767.58298141059,42209.923074060185,62689.36020718439
12/2011,40130.807099466736,65307.11064997296,246073.43805965583,43310.82860788208,49729.66255506608,200380.8342500801,16546.755802766827,165013.48017621145,49981.33164936654,44220.273896058265,65307.11064997296
01/2012,45169.354266848815,68533.4778870674,252972.5473159147,43133.15667218824,51688.363114754095,206651.3955907669,16669.564562537947,180456.9307377049,50246.61562142322,45370.90021675304,68533.4778870674
02/2012,47632.82151603066,69542.6071784572,263651.83769023535,44181.26579689536,53236.22423566168,212441.11352361256,16766.19591906568,187500.1249274716,48679.44113352015,46392.71039037369,69542.6071784572
03/2012,46782.66048367776,71192.90476040733,263807.99143383274,45890.78573213218,53965.10336927225,216573.9656298778,17254.405132674452,182442.9010781672,48401.02419386668,48231.54331393435,71192.90476040733
04/2012,45835.51908733162,71112.49026335706,260533.26782125412,46799.67037366154,53956.56406841229,216415.4799241033,17543.689472075075,182250.92520054488,49431.19745826262,48443.99200394809,71112.49026335706
05/2012,41189.77666209789,70282.324676288,243547.96229518563,47579.530437589965,52382.132338950265,210662.9377993188,18011.42797710231,172493.72077723133,52653.44160713581,48509.69107375338,70282.324676288
06/2012,43573.65027640985,71885.77507069104,258960.0816609621,48805.53626779785,54178.41760127085,218108.9174847448,18422.61190214456,176570.03637807784,51279.53190985516,49758.20776691747,71885.77507069104
07/2012,43988.76413871704,72552.46694724847,268397.9063222759,50970.055159068965,56306.48855421687,226415.8451453313,19037.97494236405,184628.9060240964,53335.90204049415,51705.99974411996,72552.46694724847
08/2012,45517.25515026564,73370.66700182381,272970.7953727228,50318.70305027648,56066.52160811989,226136.1378488754,18676.607395131232,179321.75954325587,52504.4006788491,51499.67303123254,73370.66700182381
09/2012,47861.32091105956,73762.02647950503,274096.7216100142,50174.60430741251,56428.52143851508,226616.5383712506,18715.30833348801,185485.91387471,52069.65110312981,51527.16210283268,73762.02647950503
10/2012,48926.25125067344,72909.20224890327,276732.201228433,48854.48066073938,55795.05342876935,223993.7774108795,18462.211240514123,183485.72694527823,51376.16923866283,50330.4775582332,72909.20224890327
11/2012,48923.056929000464,74086.73795164023,284071.61174913286,49443.17823507642,56565.99148313568,226984.28095770988,18673.71255351917,185928.92679809025,51092.84840352054,50649.65013096342,74086.73795164023
12/2012,51697.58538123391,75472.8561815977,287460.6674171951,48455.69372232115,56962.27735334244,227607.36330765035,18402.49971714416,191967.52905866303,49896.45577613766,50305.52897435452,75472.8561815977
01/2013,54343.35697121773,78802.16152324724,296270.25092438265,49142.80038556588,58036.84724723247,232917.00015213856,18901.0833700369,189530.21118819187,47838.368788727945,51521.01658473039,78802.16152324724
02/2013,55525.75434838908,82115.01949729607,297314.38110352686,51502.041442736336,59915.71172214183,240782.7416430352,19796.28379312971,193178.3600578872,49056.389864624856,53894.96181070904,82115.01949729607
03/2013,56378.0796142132,88502.79067239362,304206.27999874303,54977.84769374549,62584.28265521282,252657.82531872016,21218.64723186255,194697.77426005463,49774.539211429925,57331.01011694862,88502.79067239362
04/2013,58157.5349510404,87003.52317778459,310919.9326511259,55518.12035207506,63098.56308139534,255291.1007665033,21258.530743268057,192233.2526162791,48951.95761139835,57242.02853436367,87003.52317778459
05/2013,60357.45308319239,91294.1561017992,313075.58470935485,55080.40790019628,63298.11783792097,256683.50795584416,21403.00650161464,188342.81316315543,48143.60421517938,58878.19740277958,91294.1561017992
06/2013,57003.17714067279,89697.03528593274,296279.18549001607,55031.23586043013,61125.978990825686,248942.30855304707,21106.48602171254,175443.93701834863,47746.10253779058,57758.94421380059,89697.03528593274
07/2013,62129.61630734465,94438.3586787194,313425.59193865326,56019.74884887132,63130.63918644068,258198.7933842044,21760.49149288136,174766.4672542373,47369.499151438606,59806.48209966141,94438.3586787194
08/2013,63064.28032640727,91435.03411711373,310361.8344132104,54551.23163019375,62028.78936154138,253466.796924856,21128.36285545901,172352.92977710618,47520.10893160201,58249.925209722256,91435.03411711373
09/2013,67592.2122191781,94704.87857978528,326023.79438350577,56721.28621538948,63952.03232876713,260822.4428473896,21270.69444383561,179944.84602739723,47184.09835418558,58875.45701713496,94704.87857978528
10/2013,70674.35363243164,97329.7602404516,336601.3314294768,57810.18109707304,65873.34180778536,268329.77131514327,21922.72772436038,186832.3535957774,47422.14942574101,60967.83233183217,97329.7602404516
11/2013,72258.66892954228,100775.62514289914,341330.9661546161,59216.148111792776,66981.41234295792,273700.34603190416,22373.35742296672,184520.812078466,46828.13671705411,62964.23729032451,100775.62514289914
12/2013,73433.42269596116,101725.71996084404,344415.22099261446,60106.07000921852,67270.44772677834,275843.8285916278,22383.89625175839,179494.29697628887,45829.8437068319,63715.72525354884,101725.71996084404
01/2014,74367.1998505475,100529.970282628,337841.6633949263,59637.46944604805,65908.8402189997,271031.5379847727,22056.92101805268,171294.3968185854,47502.90089592296,62764.24015938076,100529.970282628
02/2014,79983.5723564758,103109.75688699054,354718.9883923208,61693.69948932537,67639.39972489684,278480.3452700548,22497.989041337867,173198.84236588722,47013.754588151714,64224.18080002153,103109.75688699054
03/2014,80027.24754424137,104414.70716420078,351733.3725205208,60052.722035064806,68099.40809399477,279389.03428945533,22895.61232056861,178877.9828981723,47048.12132454513,64881.3223158635,104414.70716420078
04/2014,79507.3367393502,102285.85158844764,358893.37104266736,59095.211389883305,68475.77337184115,280988.3861269896,23073.738017617325,178740.17116245485,47287.49457315388,65068.30076013523,102285.85158844764
05/2014,81137.02822958771,105031.7705886676,368570.2668970448,62306.71911064939,71241.54571911515,291633.55147304013,23761.38496038804,188323.9198941721,48199.63886805857,67785.15869094236,105031.7705886676
06/2014,80028.15191828967,109211.89298433154,366816.2853753109,63391.80543412695,72342.6530238688,295742.1402166764,23996.01185532289,192690.45731439453,48422.72171133126,68927.0076252774,109211.89298433154
07/2014,77480.32032139921,106251.511987443,360310.6427280545,63406.99001071631,72977.89456611108,297091.1886236088,24164.66229553777,200673.8642798416,49086.16844930339,69393.94970425921,106251.511987443
08/2014,78208.6997831362,112906.0788489536,367062.9968066033,66347.44048136193,75700.62638762512,308035.1752794275,25431.47543008796,208249.3573703367,50074.288589809374,73215.38183992346,112906.0788489536
09/2014,76878.00105380277,111081.544525153,370267.4555965352,68146.26566823969,76798.10449018517,314083.3655218422,26436.19732464436,202129.2216005722,50499.06263567115,75659.57982293481,111081.544525153
10/2014,73873.1850894283,116187.02856755033,362203.96758373466,69050.5019560051,77720.7588789524,317604.3742209276,27467.79356148195,205499.48484509744,50768.97422741445,77872.68476363232,116187.02856755033
11/2014,75041.0786990307,116762.64209885446,373053.03237142303,71471.26326687982,79313.70684931507,325033.47795628244,28318.112349275016,204006.0383561644,50722.382286774286,80229.6490946457,116762.64209885446
12/2014,75846.35197430196,121614.28316777862,367050.21353519073,72746.45183845943,80008.27887323944,328800.51832220104,29090.83250638333,200184.9042253521,51969.54059280895,82281.83035112746,121614.28316777862
01/2015,80398.73237328616,125361.10892879256,394179.4347086487,77982.52166126527,84600.69277310924,346716.8438486681,30994.49070075188,216294.74924369747,55548.89094999408,85713.74060605608,125361.10892879256
02/2015,88332.60264946618,134277.36372953738,421350.3707002234,82495.55974056551,89865.91601423487,369153.0207180961,32378.02482099644,224307.68604982205,55251.026167265256,91164.1916919498,134277.36372953738
03/2015,89795.53831025188,141535.27033553304,428493.631654272,85425.69941384067,92484.87398457104,379619.79077753314,33355.61709378194,231050.3492517892,57085.122548052255,93733.56563875942,141535.27033553304
04/2015,90956.63443958983,134126.34832634867,428917.4755196788,82215.61347206982,91342.36023183235,372725.55846324,32024.59350084708,238760.1626749888,55306.47866756128,90785.14292758708,134126.34832634867
05/2015,93488.852437557,138640.02181768464,435117.3379569327,85686.77240052696,93333.11250683684,382362.5198162127,33094.47849079307,234364.8839562444,55201.02024706949,94006.148944017,138640.02181768464
06/2015,90058.82133702743,133842.2003968183,413493.7718106997,82648.32208262176,89392.61043882383,366161.8219623446,31767.83145339172,223985.0736437573,54179.91474918105,90381.92538660564,133842.2003968183
07/2015,93124.99545363364,133110.22193671926,435040.5838393367,86988.45679162712,92027.36017142337,380279.52341622126,33618.46501212728,212818.88808242907,54914.90705292655,94143.5082104709,133110.22193671926
08/2015,87233.87544003568,124097.3951029871,395126.5793302996,79440.82362558323,83859.74482389656,347261.9628898927,31310.683015604096,189362.0608114133,54461.094446856376,86507.22112462565,124097.3951029871
09/2015,83353.06658573597,117956.94709274302,377085.01143833855,76610.77502629609,80945.38912791215,334811.6198701292,31130.918473266083,183929.72471659377,55109.79003039034,84457.09292036091,117956.94709274302
10/2015,89181.32851774534,127300.85240083508,410907.8907252601,83296.0778166388,88794.04950530999,367444.0919357211,33747.7454947808,200389.64908777343,55641.403875754826,93127.60021443068,127300.85240083508
11/2015,91577.53054731071,134834.90105870122,420076.9869088335,86866.0392824777,91747.8993666698,380753.3028311568,34808.52253521126,200560.0987049816,56985.20937759009,97271.68657359488,134834.90105870122
12/2015,88301.65733627263,123066.72119224766,397687.996080006,84422.09624307301,87582.02198952879,363478.2643024697,33795.89007513548,190652.2052356021,55962.57449579666,93029.0473400996,123066.72119224766
01/2016,80177.86558058608,113350.99583333332,370351.5211047289,80555.6773796219,82071.73500000002,340700.71174003126,33417.91026556776,177755.6744505494,56971.4054544737,88145.46775061969,113350.99583333332
02/2016,80628.04299412196,115830.36827332844,364785.7645956977,79746.96917013328,81792.51331741367,339158.94570260134,34268.03926120499,178006.03082292434,58414.72944705372,88285.25910265525,115830.36827332844
03/2016,84143.31955555556,122056.2665050505,370759.8247841195,80461.4989626064,84072.7981027668,346363.5859666254,34578.272330610445,192804.5021343873,57121.8474957572,90158.85027076148,122056.2665050505
04/2016,86894.42103130755,126001.6216872753,379217.68932782847,80478.04817173604,85228.67940015784,351288.92036680126,34415.4008166272,193584.7826361484,57552.09772269803,90365.61759920364,126001.6216872753
05/2016,88099.41874125875,128914.35994262152,385404.51768005366,83938.56353873537,87314.9824098978,361148.0786679282,35545.963948359335,190563.06842388384,58382.997197774006,94041.86464365872,128914.35994262152
06/2016,79300.00837506757,128529.58061790669,369985.6665300005,86647.10531110226,87239.08324626193,358773.9176487272,37497.09622446405,199295.82684201043,60668.06449066583,94727.26371003035,128529.58061790669
07/2016,84059.01047961848,135065.93455952493,385094.416066575,88953.87577387049,90934.9256366418,373561.4143701499,38131.95116854135,209232.34710699183,60577.68283537909,98122.44832841988,135065.93455952493
08/2016,84831.35090909092,136447.8823553719,385571.49238022894,86358.25265680338,91129.261013295,373233.7553825198,37285.98625476105,214135.6440172476,60295.79271421241,98092.579425808,136447.8823553719
09/2016,85935.20709255441,136966.50995072126,387919.8627898107,86745.8839511188,91488.95287160648,374241.42262952926,37141.59209210644,216389.06884687752,60142.51884595652,97855.9861069339,136966.50995072126
10/2016,85193.13604787139,134172.71994335833,382656.9088621559,85800.89501888075,91724.96864608076,374207.280875549,37083.89925013703,221184.7756806139,59501.21364013104,97958.06446732309,134172.71994335833
11/2016,86216.90089139635,154960.11976492713,385280.4855978087,88704.72722004859,95171.04930888576,390688.3682260752,38407.56056567936,217187.7351198872,58689.979081974976,104556.63726649218,154960.11976492713
12/2016,91983.0992220852,160861.882610758,409088.2841065431,90845.36683081766,98132.06411156437,403604.24512705766,39507.1839339721,219759.92080447776,58612.43438449698,107574.0530908,160861.882610758
01/2017,93160.40014876802,158565.09566527198,409276.6629178326,92225.43478751104,98829.91665271966,405120.6495537613,38874.80419823338,227184.65673640167,57771.26336977542,107433.2506890623,158565.09566527198
02/2017,94816.23915636502,162915.2409285647,420340.6793622682,95822.91364726856,103161.9230725677,422568.0058265258,40962.6066218741,237647.89949985844,58963.21585033746,113364.64866406668,162915.2409285647
03/2017,97355.72918529603,159652.23924048268,433376.27808294736,96997.24499612288,103574.01382471238,423314.19588194246,40406.44192685437,241563.6882237396,58628.58665193196,112498.78373369784,159652.23924048268
04/2017,100667.21091308328,156034.1361591949,438867.23720340506,96665.006151986,102934.9065507777,420188.69421122666,39709.95673705398,241503.2687099726,58331.86644038362,111168.99927821245,156034.1361591949
05/2017,101407.71445325729,147677.93913911417,448215.38357765565,98134.42600432552,102568.2199982176,417950.07852489385,39290.46715622493,242244.08918991176,57441.93274657615,109809.85361581344,147677.93913911417
06/2017,97694.84437960044,148912.39393620752,435900.2640180988,96722.08796624732,101351.9757097792,412536.0864162126,38513.21021731511,240749.22476340696,56527.3019694518,108645.9252986847,148912.39393620752
07/2017,99660.51466189136,146153.61171484608,436855.0453679013,97035.72244226986,101421.80460475825,411062.7127959523,38087.41199727125,248435.9917114351,55700.77357224612,107901.62828036687,146153.61171484608
08/2017,98729.77584270616,141883.2035315011,433486.5972991325,97627.58421794252,101015.83864693446,408230.0497197168,37509.64302748414,251964.628820296,55883.77669021589,107335.05397738262,141883.2035315011
09/2017,103285.27281043536,150737.833427071,448511.08631901344,100284.67651896203,103170.93664238522,418064.2001528241,38003.96354396069,251423.91873623576,55526.07846232783,109725.4374920121,150737.833427071
10/2017,104166.30537549408,153595.6401581028,457124.9619397659,106372.53721323432,106857.69135590308,432113.9841518363,39452.703660422754,264010.52041587903,56083.83983897068,113906.76227661093,153595.6401581028
11/2017,102720.9193636594,155248.6381298,449972.39891596383,106426.05702888264,107034.53553886405,433615.2751163372,40541.978327285,259843.8935268799,55551.2195603268,115309.63716797264,155248.6381298
12/2017,104959.98649378806,154608.66760110063,451272.5597176306,105467.00533495432,107489.88993579589,434202.4777412793,40421.60376886517,266073.0086050196,55227.71046295931,115191.7734755323,154608.66760110063
01/2018,106257.2971999679,151698.91244280327,457944.7385919936,109723.75846676684,109345.9191137513,440101.2178965249,40094.59439672473,277531.5668780605,54067.25342384654,117250.59724179508,151698.91244280327
02/2018,102464.07510397903,146520.59073358442,439602.7335384439,110093.54030294846,106880.92213852955,430262.1464833315,39523.1252988374,270039.19870640244,54837.75703516595,115175.98376271766,146520.59073358442
03/2018,99929.04352081812,146439.48585666748,430541.38973218965,105575.69633548352,103748.11351351353,417228.8644593668,38540.520801882965,262785.50810810813,55202.520029995656,111274.0871209013,146439.48585666748
04/2018,105251.99010679692,151063.35731765875,451319.4600175783,108796.43859508658,106897.01948836824,430478.4048628936,39377.29573640202,266914.12509313686,55149.15933220192,113938.96098767356,151063.35731765875
05/2018,104773.7538798188,163769.95875032057,450680.2333590974,115520.49704715422,110602.1685614155,447246.1646248766,41225.48539191385,265884.7793486623,56433.29912775783,120472.88945259967,163769.95875032057
06/2018,103606.52125064336,166133.7188471436,449234.24603103945,115514.47031512223,110434.3170355121,448604.9582515945,41788.253937210495,255911.4654657746,56273.78931996685,121640.63274996902,166133.7188471436
07/2018,104739.27805896389,168557.339568848,461102.7880559778,117297.87708655756,113044.23297546012,459541.8254727306,42786.79141104294,260018.9981595092,55870.87066345661,125328.92670893228,168557.339568848
08/2018,103034.67957943524,174230.40187108403,451493.9860411582,123483.5259798676,114814.6044116385,468621.7621348341,44429.62808342632,254910.81690841983,56118.52231913802,130356.7781939615,174230.40187108403
09/2018,102768.71027125088,171752.2316931583,456037.7011353053,125486.5604139268,116108.75774015204,474284.180484492,44980.20680718728,255285.8143227367,55611.17140940127,131948.15421865127,171752.2316931583
10/2018,94914.30890616718,159317.87392648883,430836.6928839223,115671.83727288638,109882.17959003356,449476.234426274,43539.89054603287,238389.48639335576,56443.30425859415,125731.73732401438,159317.87392648883
11/2018,91705.4035918655,160722.79113830446,425282.3809892932,116900.28334992447,111138.74853420196,452941.4068593441,44277.24201074038,247334.622801303,56732.50582152584,127830.83777741964,160722.79113830446
12/2018,85558.47219737992,138739.6871510917,402416.12560125417,107416.65686386196,102534.3121048035,415174.55792518426,40010.647615720525,239016.8196157205,57537.66231203378,115364.79139345148,138739.6871510917
01/2019,92786.4734679666,155869.01344707524,427508.764555195,113894.16162311644,110295.89012883008,445997.4201774572,42776.67426880222,259102.98676880225,58082.71500177606,124197.3547194452,155869.01344707524
02/2019,96310.20431149263,163252.42787666435,444654.3642893638,118824.7007224984,114010.58913805186,462305.9594939658,44576.41233356692,261347.22088297125,58000.078935943486,128993.59461161244,163252.42787666435
03/2019,96442.25111704496,161435.27910458393,454574.2147130301,123853.22089450814,117376.29644859812,475923.8434171276,46312.047850467294,267838.0442723631,59578.32418991989,133618.6273061136,161435.27910458393
04/2019,101186.5373934748,167969.9573970405,471540.85915493366,128027.51616975822,121585.67361383492,493546.5736909487,48178.32643965058,273941.6158673561,59380.0272329005,139239.43869351596,167969.9573970405
05/2019,93245.70792754012,152001.82317460317,448384.0198646817,124125.58133720324,115162.40742534304,467862.8165261699,46298.77783158461,255677.5254237289,60775.37790582941,131174.49245773104,152001.82317460317
06/2019,95720.86024780318,159998.41875746928,468874.8224370389,129320.373574686,120286.7223374341,488657.3712359989,48092.88692442883,266371.92616871704,60828.56099775033,137593.57976994404,159998.41875746928
07/2019,94432.30694825578,164000.12008250385,469234.2596773712,133304.5706510444,123158.90476190476,501162.7662374294,49871.43793381759,268743.33930589183,61919.011721987605,142437.50223542243,164000.12008250385
08/2019,93015.93880210225,155289.6859623052,462198.6876903012,134783.60494441263,121547.08200434945,496027.2187867925,50571.25262776368,258381.8150235593,64335.51722776966,141641.8466415389,155289.6859623052
09/2019,97423.6872623749,165258.5711782533,481186.9741921868,135497.10011199725,125836.58681237948,513422.0061230561,52080.29997244925,266955.2405730554,64113.41121679757,146239.98744519314,165258.5711782533
10/2019,99896.29822126593,164441.19669535596,484833.3412867553,133915.50953273347,126240.72393760088,513978.8229862183,50997.26239913932,271629.89725658955,62957.9370091171,145857.73335791688,164441.19669535596
11/2019,104124.42692041522,172235.11669459115,499784.1901607065,139553.29056273153,131402.72179930794,536567.3940731816,53016.11305773083,275522.7020761245,62960.01894462645,153519.5739702743,172235.11669459115
12/2019,108421.70616343246,175674.3190599965,507657.7831687136,139781.1793385996,133032.13053231264,540245.1776247153,53617.67815559907,289613.94755207404,61961.78513636183,154605.55398945123,175674.3190599965
01/2020,105259.08615816142,167790.8689956569,503042.40035375487,145822.28615179265,133763.153257329,545799.2645173206,54646.57252985885,280672.063029316,63812.418597308286,157089.91020089062,167790.8689956569
02/2020,96201.88112599072,151175.9547471987,459495.6066936621,136281.93221395725,123851.3852418694,503079.3821788027,50503.14198779266,267703.9754577754,65072.61120101038,145143.4264082307,151175.9547471987
03/2020,70990.75387367653,108977.66891566268,393887.13272634806,122590.8795907826,107411.50859802848,437337.1673498101,44252.49832055494,226972.98236582696,64902.5437107787,127460.092060378,108977.66891566268
04/2020,79357.10381941892,128266.56757263702,420318.0434094696,136141.53635902583,119847.43482898126,488682.0413655316,49504.5851783744,249624.5830636264,65781.19943166121,144857.45506297878,128266.56757263702
05/2020,81120.29269216956,132136.73016343397,429199.0781329704,140613.90013906368,122210.75479525862,500328.6294323941,50439.1095545977,245720.77176724144,64849.21261396377,148213.47863941544,132136.73016343397
06/2020,83130.66026611897,136427.6043222004,444179.3252061395,146302.80254590284,125470.32002143245,510719.3856089005,50341.67379889266,262449.3615109841,64648.02462801437,150324.24503725188,136427.6043222004
07/2020,81945.57216914248,132059.38443281568,435942.9612157399,147505.23289763177,124906.0234132343,505793.5817970517,49832.42187711004,270439.1989365294,63616.73639341674,150088.267773964,132059.38443281568
08/2020,87259.76911557789,139179.2284154104,450382.05210469966,157674.14303842545,131576.3767839196,535430.1946260751,51604.31088777219,274353.6631658292,62601.41295338832,159637.0018071717,139179.2284154104
09/2020,85220.54545951488,134639.1603997267,444002.1333958664,155620.140357448,129906.798377178,527202.1107953145,51627.39576358045,275367.70592757093,63721.0995776927,156614.33628777092,134639.1603997267
10/2020,81272.57585912122,140699.69989057962,419320.1282010849,150226.90554547412,126888.96395965124,511467.02193003474,50250.82000341938,281323.7972302958,64020.99696096618,152579.8676496115,140699.69989057962
11/2020,99145.03270784645,166266.63887312188,479110.6358693489,161171.10329559862,139220.51213689483,563285.0712466314,52872.9534557596,300124.8890984975,63287.1886963729,165297.0491800937,166266.63887312188
12/2020,105031.48207481054,175222.40464346833,489767.1089312235,164132.92908169157,142279.59194849644,573242.1670965339,52987.55217993643,314686.3460027708,62703.8718080278,167581.83983784437,175222.40464346833
01/2021,106010.73753790375,188504.4311338168,488043.5876437918,167323.13777323425,143242.73780487804,573858.2691392895,52339.28902439024,328025.2335365853,62333.9582428859,167735.2464011327,188504.4311338168
02/2021,113927.08417457309,206273.40599620497,500593.8842992144,166462.65516660808,146784.8340400957,589291.3543261647,52209.79166735418,330961.2410857191,60893.38714133481,172573.76153343054,206273.40599620497
03/2021,121919.58144477612,227304.5544579957,533487.9191165894,172512.67542161507,155875.91119829423,629463.2180545023,57325.66498933901,337056.15300639655,61584.0792209105,186215.49190584407,227304.5544579957
04/2021,124959.38488164212,227799.14378248635,541251.3926647289,178793.1385250883,157946.46972355573,639293.4715252456,58138.39212050985,335284.9169011753,60806.55727990244,190357.6741665408,227799.14378248635
05/2021,129856.81880173757,233783.85518891897,558312.8257368612,175188.04677599657,158924.11762970246,642177.7502744969,57760.78052618638,339791.16941234324,60462.197943085404,189817.58785578984,233783.85518891897
06/2021,126638.11283237967,236984.18452877825,565407.5394437196,181907.3376772353,165367.1443116796,669134.3749599874,60269.18566139348,349573.9905923932,61613.680310035175,199430.45127708,236984.18452877825
07/2021,129295.5940425532,231422.41702127652,575520.9460011658,184792.88240863092,166456.44759902445,680719.548343914,61955.63262971995,326060.94202337903,62637.87799374884,204047.604063698,231422.41702127652
08/2021,134129.2455332094,237647.24986479632,587032.4342752893,191587.9905620445,171496.6658441778,701021.9054239772,63621.17921243873,336310.36442453944,62552.0348352873,211264.5067692492,237647.24986479632
09/2021,130871.63024095348,238291.8641782538,571293.5169045591,188540.40408928285,168108.0457552466,686712.4158920497,61698.84656706106,330178.03853527934,62285.62503316524,205874.9345089844,238291.8641782538
10/2021,133262.65636410477,246705.51192443108,593643.261509041,201578.2571292614,175730.3196221554,721495.6823644936,65049.79936453413,331593.0442593388,62126.76585486283,219050.23124671952,246705.51192443108
11/2021,127669.23231540968,244755.0955751122,576998.3641555137,200253.0781268977,175809.6402358532,723198.844838573,66300.19825750242,326001.36159464926,63858.429568656175,222931.0604849977,244755.0955751122
12/2021,136340.7765477662,257584.10408793925,617113.5434303305,203864.00956676484,183495.8484019072,756571.9801449956,71038.375419389,333361.95447642595,62782.92333045974,233682.94372520587,257584.10408793925
01/2022,133037.3484277519,250773.71788633923,597849.3433084766,190960.07830763856,177177.55127285767,727460.0848749744,68505.1499462173,332060.99134098244,62328.0532609106,224967.2879732875,250773.71788633923
02/2022,128881.96658630238,254456.3991034914,578734.9951661042,186120.77937370352,171991.69006161264,706339.1613572572,66242.57737297972,320938.50152692205,61534.74407236937,217393.3510687016,254456.3991034914
03/2022,129387.36385190523,259013.2791622376,583238.6410857529,196119.279396554,177370.5286730925,732130.2464883362,70061.3545446356,316571.3680569318,59950.099101228574,227455.58219174607,259013.2791622376
04/2022,129154.88118406077,254626.90072296016,578953.5771857572,183130.8880264672,171928.36127134727,707040.6844588212,70135.13601518027,314924.564117647,59503.12265544601,218671.8853900784,254626.90072296016
05/2022,128812.53146830956,256691.6939531411,573865.205164538,179883.72084783728,169470.1685242229,696149.8277558046,69037.00849435265,311280.7223186783,58525.300011361,215535.216038354,256691.6939531411
06/2022,113437.4268990084,236988.33235582948,532999.3845892824,171620.64708335634,160127.00772118996,655804.2932234461,67232.50401463368,299980.93568884186,58055.629397249526,203950.42410264228,236988.33235582948
07/2022,121041.7933634046,265779.7117905472,569747.3164039922,182455.67401657457,174541.5679545009,720991.7586758115,72373.29288095704,305045.90062757407,60601.32306197136,226883.90453305707,265779.7117905472
08/2022,114708.05653800002,263551.524436,544831.4764256536,181308.37553839776,171513.96102,704527.4437804917,71169.64839999999,312501.15936,58703.89324907987,221940.37035095043,263551.524436
09/2022,103098.66250512926,242605.8524579401,510310.8028060511,172351.42393822342,159178.31109971277,655554.6788803298,67316.96889618383,283156.8756462864,57148.84936706372,206708.83301550976,242605.8524579401
10/2022,110479.18834577368,268273.7493826912,537728.4209466464,186342.3422900588,165998.16893282227,690867.0682405854,71529.58002824288,269808.06723824894,56372.31412902648,219702.8960830352,268273.7493826912
11/2022,117588.65753662298,269021.9700616808,572102.1290695528,187528.0797888456,170981.809001542,706003.0916860258,71449.42397841171,296069.8186006168,56591.36218854905,221651.7941205841,269021.9700616808
12/2022,116023.02555222204,245625.5125876618,556616.6406674158,177966.19413282233,159853.73710856933,657640.5600279866,67021.87522970185,284127.5013313332,54427.52257353549,203202.0837910024,245625.5125876618
01/2023,127137.16730360936,270027.6599575372,595576.2755554975,177106.1149970525,168710.18798116868,693317.2073211351,67967.97651620049,301863.2550540017,55174.456722448056,212640.77523455225,270027.6599575372
02/2023,130634.24885205764,270018.17069968925,603810.7291722612,174839.9875057357,167237.88083623693,690287.1415167826,66137.04849797532,288001.65574912896,54592.30196966283,211633.08209762216,270018.17069968925
03/2023,123698.26406252876,245398.27788873567,603572.9589789583,172223.16858579838,168449.46620689658,694865.1891246431,66861.53382988505,289860.49456551723,55352.063257196096,214238.2464260528,245398.27788873567
04/2023,127162.09105728076,239786.3604207267,622573.1617627826,175472.28854576577,169300.4023312995,700220.6730653651,67986.1010108369,283863.871286768,54696.89248457002,215481.9432361832,239786.3604207267
05/2023,121707.5389366283,238313.85786015168,602395.7505268039,171616.48216182095,172283.20909856784,712567.5961556862,67637.66125620143,286965.6660488627,55379.69094037912,222455.55686589688,238313.85786015168
06/2023,124610.8717798638,258203.5183913124,620614.5495238258,179601.2767656815,179290.9694643843,742935.598895187,69604.69457021903,293112.9192159028,54121.64465258054,233160.3873990072,258203.5183913124
07/2023,129219.9768284496,273158.2221573075,630535.0069551577,181340.35751691464,183259.95072121927,756955.8338300635,69118.62505669962,307121.98181983124,53653.94744441071,237222.9845262198,273158.2221573075
08/2023,125371.9265679058,266658.9599282297,614157.4863395223,181573.51253261123,180753.44790209792,749413.2711877194,68898.51078395288,292403.4576923077,53758.5379593179,236775.55086954488,266658.9599282297
09/2023,122981.79173494432,259070.4807494809,605006.6169898075,178621.33883787785,177826.56405512552,735631.2369086111,67722.83824806495,291910.57449159527,53242.49230557777,231318.43529727083,259070.4807494809
10/2023,116278.0783124588,243065.7715566438,581043.0775316247,175009.04035087416,172113.4662020906,712604.6794219364,66804.72375929935,281032.5557811342,52707.699295392005,225921.39736823112,243065.7715566438
11/2023,125674.01624005126,257829.81917299423,620166.9517020354,185830.19739765133,182712.4847314976,757166.3427930666,69934.91790321106,294037.75462098594,53608.55910775288,239516.55614766828,257829.81917299423
12/2023,134673.24086877832,287324.05603619915,644135.1894200499,191970.37832442712,189489.9282352941,785784.4342333137,70930.38454298642,301785.53265323804,55282.0073462677,247701.34848824496,287324.05603619915
01/2024,133188.58863523116,280763.44521177444,656027.2050952587,206677.5007292741,194388.7699732398,810844.0442109375,74387.3727784442,292646.9060748459,55287.92756409264,256814.1026938452,280763.44521177444
02/2024,131315.3888601515,290079.5466654351,666916.6968666045,225574.62498932253,203008.10096065028,846080.7267240374,76735.9706262701,307730.0632399686,54675.18501921192,270801.7822068391,290079.5466654351
03/2024,137599.96734622147,304394.41387290723,692806.2299524446,235675.9603509991,209784.9669595782,874481.0394525726,79206.25388955693,315983.3625037207,55053.0922570369,279902.5665041281,304394.41387290723
04/2024,137888.5572103004,286806.7724892704,685583.7553768862,228043.4762725024,204714.16407911925,849304.6831396248,76953.10001866019,320588.26182697626,54020.01424658584,270799.4437820734,286806.7724892704
05/2024,145869.7564688537,297840.0933413196,709915.6540412569,237975.1408767727,210525.73606708445,876272.4418082598,79418.64813859196,317543.82672621927,53801.95289003408,280717.4591253085,297840.0933413196
06/2024,139365.82478094348,293778.4104437179,703495.5256276453,249918.5760935914,218246.924614666,906380.4276370538,81846.7984680056,334333.78320716944,54476.8577220766,294783.1947701515,293778.4104437179
07/2024,144506.0472571112,320755.4385205024,710437.5232374836,244179.62757034472,219307.09571481345,911875.6486115364,82618.79682305134,332121.462659842,55599.72570287252,294982.11645338393,320755.4385205024
08/2024,143371.0435194372,310775.87275006773,721192.9309480111,244256.52468279767,219838.04009791327,914111.8851203562,83592.29609452511,329922.4453028171,55630.31349496801,295079.1760101126,310775.87275006773
09/2024,144674.7390353698,312703.89997677744,716928.7044593027,246101.4154629105,223100.8718491537,921790.4328540992,84151.58163629868,349067.73162684817,56093.077188283736,298447.0495512129,312703.89997677744
10/2024,138375.77434662747,316888.37224958645,694156.1833572101,250232.99007100856,224200.19161850028,929575.6308922447,85218.468333027,342883.0784551551,55534.60330679825,304274.32701249747,316888.37224958645
11/2024,140134.30814807804,358598.77774285176,703139.9017963521,268429.7084676939,239071.24123799056,1001686.631880757,91709.04351448586,339780.77447658166,57289.94789189133,331895.24242956,358598.77774285176
12/2024,140723.90755606894,335259.04066416406,697375.2579658108,265746.882998656,238077.8800006292,991827.676110626,89259.26033304456,346097.1292322707,56892.30659464989,329378.5285170692,335259.04066416406
01/2025,147477.72058500917,347066.9711613587,745104.8678857392,278396.28295849613,245110.87756114788,1026432.723147118,91524.75269893196,350909.5583242473,56903.16032732895,338420.5488647817,347066.9711613587
02/2025,151620.91233695133,332033.3569167228,771142.1761290719,278724.38859940245,243528.4099204121,1017283.4172351286,93364.61404283933,352456.71935644327,57818.82068425214,333427.489458091,332033.3569167228
03/2025,149258.62045492374,301474.7813703191,740100.0390152235,253014.3214568564,225203.34250283847,935684.0796237948,87854.76745261211,341488.23895192426,56062.48939618823,302887.1815190756,301474.7813703191
04/2025,151103.73064450896,274195.3387021894,734564.9228067619,248540.21564331235,215995.89159027548,897683.5625529448,82429.99577947771,328764.4025869731,55177.416831360526,286073.22100085334,274195.3387021894
05/2025,,,,,,,,,,,
