Date,S&P 500,S&P 500 Minimum Volatility,MSCI ACWI,MSCI World,MSCI Europe,MSCI Emerging Markets,MSCI USA Small Cap Value Weighted,MSCI Europe Small Cap Value Weighted,FTSE World Government Bond - Developed Markets
01/1975,,,,,,,,,
02/1975,,,,,,,,,
03/1975,,,,,,,,,
04/1975,,,,,,,,,
05/1975,,,,,,,,,
06/1975,,,,,,,,,
07/1975,,,,,,,,,
08/1975,,,,,,,,,
09/1975,,,,,,,,,
10/1975,,,,,,,,,
11/1975,,,,,,,,,
12/1975,,,,,,,,,
01/1976,,,,,,,,,
02/1976,,,,,,,,,
03/1976,,,,,,,,,
04/1976,,,,,,,,,
05/1976,,,,,,,,,
06/1976,,,,,,,,,
07/1976,,,,,,,,,
08/1976,,,,,,,,,
09/1976,,,,,,,,,
10/1976,,,,,,,,,
11/1976,,,,,,,,,
12/1976,,,,,,,,,
01/1977,,,,,,,,,
02/1977,,,,,,,,,
03/1977,,,,,,,,,
04/1977,,,,,,,,,
05/1977,,,,,,,,,
06/1977,,,,,,,,,
07/1977,,,,,,,,,
08/1977,,,,,,,,,
09/1977,,,,,,,,,
10/1977,,,,,,,,,
11/1977,,,,,,,,,
12/1977,,,,,,,,,
01/1978,,,,,,,,,
02/1978,,,,,,,,,
03/1978,,,,,,,,,
04/1978,,,,,,,,,
05/1978,,,,,,,,,
06/1978,,,,,,,,,
07/1978,,,,,,,,,
08/1978,,,,,,,,,
09/1978,,,,,,,,,
10/1978,,,,,,,,,
11/1978,,,,,,,,,
12/1978,,,,10000.0,10000.0,,,,
01/1979,,,,10398.930905250509,10185.22014136237,,,,
02/1979,,,,10248.849017195264,10417.900537688138,,,,
03/1979,,,,10675.226277917642,11082.862239464232,,,,
04/1979,,,,10778.50358279821,11357.571727828092,,,,
05/1979,,,,10708.880944697636,10904.93663100978,,,,
06/1979,,,,10889.84575852203,11091.800584057344,,,,
07/1979,,,,10578.590506604152,10853.345228031323,,,,
08/1979,,,,11036.524853554603,11213.883160751471,,,,
09/1979,,,,11162.378098026924,11652.336273235684,,,,
10/1979,,,,10376.16510293369,10649.360632847074,,,,
11/1979,,,,10651.72398360166,11043.6332976069,,,,
12/1979,,,,10690.898083358965,10821.354643477584,,,,
01/1980,,,,11222.644152383618,11242.47578453313,,,,
02/1980,,,,11331.976524858845,11482.007621487986,,,,
03/1980,,,,10648.959921826556,10360.385370629214,,,,
04/1980,,,,11481.555130843206,11543.023470064543,,,,
05/1980,,,,11524.620863031954,11330.929112519874,,,,
06/1980,,,,11899.479614256965,11957.612881949924,,,,
07/1980,,,,12112.443054965368,11981.966073808446,,,,
08/1980,,,,12593.610215946585,12319.463324403649,,,,
09/1980,,,,12940.50819136116,12486.108878404128,,,,
10/1980,,,,13651.988424485868,13244.768873607409,,,,
11/1980,,,,14720.80969969001,13531.201741509978,,,,
12/1980,,,,14852.777656733124,13386.746967081914,,,,
01/1981,,,,14463.167712691038,12901.570454855964,,,,
02/1981,,,,15492.392711318944,13644.781032510173,,,,
03/1981,,,,16052.980807362164,13911.717203326398,,,,
04/1981,,,,16486.545396880545,14128.132363625942,,,,
05/1981,,,,17151.11818447906,13784.056365579896,,,,
06/1981,,,,17776.102685456586,13967.42512033204,,,,
07/1981,,,,18007.194521247326,13981.281512403615,,,,
08/1981,,,,18130.394515906635,14761.15427239477,,,,
09/1981,,,,16005.212422046532,12761.086202590051,,,,
10/1981,,,,16005.92215478959,12866.599550853196,,,,
11/1981,,,,17009.80602398687,14277.60375781027,,,,
12/1981,,,,16876.439053870592,13984.765300858502,,,,
01/1982,,,,16881.135392354838,14402.467798156844,,,,
02/1982,,,,16385.868405302343,14300.26884118683,,,,
03/1982,,,,16227.944726131596,14514.385907761894,,,,
04/1982,,,,17285.722889362583,15183.53274759939,,,,
05/1982,,,,16273.17833573479,14647.97005898564,,,,
06/1982,,,,16438.284350643284,14240.704226932248,,,,
07/1982,,,,16573.143717930932,14846.610873622283,,,,
08/1982,,,,17882.283764432374,15022.471945021978,,,,
09/1982,,,,18131.556845189443,15503.51970216591,,,,
10/1982,,,,19604.697884395795,15876.892895760724,,,,
11/1982,,,,20986.4713664931,16396.918629792548,,,,
12/1982,,,,21023.74673104958,16510.035584635407,,,,
01/1983,,,,21318.75432102388,16420.057215838122,,,,
02/1983,,,,22163.51841819067,17367.9352882362,,,,
03/1983,,,,23056.57870135659,18332.39742852441,,,,
04/1983,,,,25056.054263461087,20112.53233365626,,,,
05/1983,,,,24962.871570881693,20027.580384583136,,,,
06/1983,,,,26533.10565275236,21007.738148296707,,,,
07/1983,,,,26410.84284460705,20998.024802962977,,,,
08/1983,,,,27411.097731117166,21207.83569842657,,,,
09/1983,,,,27981.25780028119,21589.12169746449,,,,
10/1983,,,,27194.328512790005,21218.41966876916,,,,
11/1983,,,,28639.75622804067,22426.92696540941,,,,
12/1983,,,,29738.385513379875,23167.323982864917,,,,
01/1984,,,,30654.85931613871,24640.030757135624,,,,
02/1984,,,,29221.45524202876,24556.14364968392,,,,
03/1984,,,,29503.60589201104,24304.1853565208,,,,
04/1984,,,,29913.11483894515,24401.07405848904,,,,
05/1984,,,,28694.77473063892,23461.88293522704,,,,
06/1984,,,,28934.331593727657,23416.017177572485,,,,
07/1984,,,,28967.16865512922,22702.90033195393,,,,
08/1984,,,,32229.765663017726,24902.8815474412,,,,
09/1984,,,,33621.36624044726,25689.896931716783,,,,
10/1984,,,,34594.62624265953,26218.066087228624,,,,
11/1984,,,,33559.79206469479,25459.90016246004,,,,
12/1984,,,,35609.46600893423,26655.480031414147,,,,
01/1985,,,,38486.3587230083,28565.804283394995,,,,10000.0
02/1985,,,,39993.18254185248,28397.7751727548,,,,10235.623791293365
03/1985,,,,41469.22422550362,31750.48623767491,,,,9832.991277578243
04/1985,,,,38489.0908205484,30405.97770884648,,,,10019.526779018826
05/1985,,,,40743.73145553946,32216.970939026465,,,,10250.878162371237
06/1985,,,,40742.04246084016,32030.921024844756,,,,10301.64384102301
07/1985,,,,39548.87472097862,33341.9319047086,,,,9878.10316927813
08/1985,,,,38498.9529361696,33850.10476610644,,,,10023.207167383667
09/1985,,,,39409.12599100308,34966.138268015384,,,,10000.690689505467
10/1985,,,,38972.698766852656,36463.30311388926,,,,9906.056360263648
11/1985,,,,40349.80151346892,38558.1630517397,,,,9884.566049650708
12/1985,,,,41237.076489579886,39293.26199421451,,,,9934.453565931248
01/1986,,,,40978.07138919158,39219.80881425104,,,,9925.10952362158
02/1986,,,,42907.85004137818,42157.14610079316,,,,9916.525239767929
03/1986,,,,45797.31497619826,44354.18024686089,,,,10739.89619923432
04/1986,,,,47298.08927667742,48736.43148138192,,,,10441.92287958322
05/1986,,,,46334.346426348624,43659.96195004152,,,,10638.789122626988
06/1986,,,,48381.8912958277,45751.07265231215,,,,10584.047045822315
07/1986,,,,47335.68457116948,44035.35220257442,,,,10486.146741918932
08/1986,,,,49922.31551687075,47492.401909488784,,,,10499.348778466274
09/1986,,,,47558.040732892434,44140.88415290366,,,,10306.054386865058
10/1986,,,,46216.703726404754,43922.99342187089,,,,10425.997552985751
11/1986,,,,48660.15998817887,46755.88852309905,,,,10193.402928523505
12/1986,,,,48918.98842075373,47257.390185902936,,,,10111.73382799858
01/1987,,,,51380.59265631077,46389.80244001448,,,,9993.70485850732
02/1987,,,,52132.908088075965,47204.617573952586,,,,10106.977937403795
03/1987,,,,55265.51344098956,49462.36165581777,,,,10180.674507637052
04/1987,,,,57738.690406181646,50735.31690030454,,,,10200.941311126022
05/1987,,,,57113.9937546486,49848.98074714457,,,,10304.159924221494
06/1987,,,,58098.78560738437,52196.086070784106,,,,10235.771796187391
07/1987,,,,60110.697558145344,54738.32176030392,,,,10204.532896554449
08/1987,,,,64152.31021935193,55629.85632732613,,,,10117.318545999922
09/1987,,,,61386.36991470059,54540.5910637742,,,,9982.121008801358
10/1987,,,,50587.01719849433,43857.440146959256,,,,10052.650274302405
11/1987,,,,46366.267919942205,39397.992820401625,,,,9854.55065714173
12/1987,,,10000.0,46897.08825092531,40428.05684667624,10000.0,,,9862.5231874334
01/1988,,,10362.212139605464,48537.91486111503,39180.82143012408,11100.47162367223,,,10484.893633816158
02/1988,,,11282.110059171597,52830.337489364014,42689.57391686133,11461.291863905324,,,10616.775861388483
03/1988,,,11476.420852926867,53678.8922827356,43274.38488595769,12521.24277606616,,,10553.932983383984
04/1988,,,11556.986830015314,54021.87490901184,43820.10731069918,13112.040735068917,,,10612.661325334491
05/1988,,,11443.912967032968,53453.569837154544,43428.8778412385,13639.024029304032,,,10830.248253542251
06/1988,,,11860.614285714286,55352.12630107665,44591.29439445851,14627.42142857143,,,11159.490073805107
07/1988,,,12692.719556541022,59223.21124341946,46946.56391953425,14975.041011086476,,,11411.453605399218
08/1988,,,12268.07996735286,57212.20877076618,45823.72259511506,14901.700172304343,,,11311.175356198444
09/1988,,,12705.951237958045,59193.67146169965,47966.87338126233,15753.07362924282,,,11570.055649840157
10/1988,,,13206.140200210748,61559.61652450748,51118.631903596775,15265.1375658588,,,11578.630066700873
11/1988,,,13111.622940035424,61167.29304238174,49702.09566678446,14598.68405161508,,,11377.64928760311
12/1988,,,13247.062765957447,61772.09104022392,50020.7233364705,15003.067021276594,,,11511.44571180487
01/1989,,,14271.517099719102,66530.23651002873,53891.89408235313,15401.735235252812,,,11972.569759640051
02/1989,,,14363.729488091009,66917.44002020075,53943.003841542406,16786.342961251332,,,11694.9421794214
03/1989,,,14380.523217321284,66917.03851528569,54698.55957846323,18582.71090632549,,,11949.99407980424
04/1989,,,14824.704615384617,68825.34672955025,56530.32122159427,22232.78769230769,,,12029.295102024707
05/1989,,,15097.170723468142,70004.83492356459,55940.88144218295,23500.9133339589,,,12403.342937206457
06/1989,,,15156.392567825756,70445.63352546077,59298.22305090406,21022.22510508216,,,12541.165094525792
07/1989,,,16134.110132480584,74970.4207865175,63389.825880458106,21428.55760621288,,,12480.06867427083
08/1989,,,15999.009408053438,74270.95275118499,63567.723885904525,22265.66281313787,,,12709.328255120969
09/1989,,,16736.539218087608,77521.37812350164,65653.79553808285,25457.010833725857,,,12417.62047598374
10/1989,,,15588.74137805984,72097.89512547171,59041.45726753303,24842.337388939257,,,12366.696925445
11/1989,,,15970.501447721184,73885.3454107418,61427.22353022555,23345.781876675603,,,12172.0902237834
12/1989,,,15816.957840616966,73105.46300158801,65239.720961245344,25118.13578406169,,,11782.7090815803
01/1990,,,14648.831209449345,67633.18425111714,63159.84906449596,25185.059790384297,,,11466.767967794136
02/1990,,,13848.459492735785,63859.5785151099,60831.7210536139,25826.91475006156,,,11381.773690650038
03/1990,,,13221.54347281383,61036.85056307657,62772.4279018528,22724.356101227764,,,11229.743063503967
04/1990,,,12888.758410290236,59369.44607056526,60323.63148532232,24052.30334762533,,,11101.53135730355
05/1990,,,14003.356298158811,64532.83963037877,64171.30012148615,25603.59185659826,,,11542.112325847576
06/1990,,,14003.615335619794,64488.22911444809,66875.36243377339,26667.845173934344,,,11474.33595137546
07/1990,,,13718.972344975053,63093.46313607065,67591.6347384438,28143.650463292943,,,11279.877254607884
08/1990,,,11882.573531193217,54653.87627339092,58208.98708539693,23473.035872198667,,,11075.541697912144
09/1990,,,10658.782997118156,48953.84082920841,51439.34226958088,20509.82507204611,,,11211.775269368907
10/1990,,,11298.61351590106,51937.2877574192,54141.38822190316,19539.270185512363,,,11245.845995974269
11/1990,,,10889.580588829558,50056.30844556919,53602.00342675956,18153.440453167845,,,11425.642341240084
12/1990,,,11256.10995911215,51690.661555202656,53451.246871877294,19144.44134053738,,,11480.887634684454
01/1991,,,11701.476679841897,53696.03839975514,55387.299789437326,20743.68682476944,,,11608.694794174527
02/1991,,,12589.058648240123,57673.206652070745,59231.51620444296,23416.594515223493,,,12000.18747286577
03/1991,,,13320.208712002508,60905.15711383389,60148.14151046674,26535.330930742715,,,12925.218060543866
04/1991,,,14148.504439676512,64633.60909897523,62688.540229800245,28244.275177422016,,,13165.331333622766
05/1991,,,14680.777571500252,66962.4109913219,65402.94486079645,30867.908128449577,,,13399.297470103014
06/1991,,,14299.854233171409,65151.1265046928,62146.65199696361,30875.518511450384,,,13771.539645577614
07/1991,,,15000.589941804918,68295.93781870553,66539.43312540004,32518.570798228087,,,13576.952677901883
08/1991,,,14640.996177370032,66560.46510562068,66262.4383902958,32473.225382263,,,13869.51888542448
09/1991,,,14599.65963984801,66401.3431823617,66366.33300448059,30366.8823062944,,,13757.301574772073
10/1991,,,14834.15830721003,67368.85198393356,64885.52762876233,31564.3288401254,,,13973.822867742829
11/1991,,,13664.87302469626,62003.58083032291,60990.63693543817,29932.29190820297,,,13858.45798634408
12/1991,,,14213.518422266648,64385.65318801702,63668.19988866337,32238.122758726746,,,13689.28839246951
01/1992,,,14099.681533101044,63619.82764051358,64097.98282893333,36223.65491289199,,,14134.427911749612
02/1992,10000.0,,14193.2896011396,63883.08438209057,65768.57251824846,38668.3047008547,,,14314.99388246438
03/1992,10067.64061302436,,13924.026879011944,62480.97344079284,65162.33029332427,41045.35217355976,,,14220.11287839918
04/1992,10269.780740213888,,13983.490232707947,62760.410692048805,68137.77784439558,40392.63990659473,,,14291.68804515136
05/1992,10122.864970710893,,14241.92158597267,63989.90289721302,70640.33285484796,39478.46111681542,,,14345.857836365789
06/1992,9686.87752644206,,13341.067346938777,60057.13906322283,67340.07189686131,34544.52682215744,,,14033.577376958598
07/1992,9602.987256402665,,12747.021001096093,57327.54118401762,61845.26526639845,33258.98393861892,,,13987.616923866282
08/1992,9169.25525665484,,12704.204986110122,57222.52105247568,60089.228159039856,30908.605057340268,,,13748.776492876032
09/1992,9491.321882692582,,12886.939833843464,57988.96907079799,60460.60367143444,31731.274420638383,,,14481.33164936654
10/1992,9920.291927926208,,13094.69039016244,58745.71348590757,58581.55006562106,34819.055305905575,,,15305.235426451434
11/1992,10930.112146862435,,14184.781931413783,63694.45082345413,62388.92605191992,36700.48912973148,,,15599.113944034416
12/1992,11057.097711728504,,14309.69796314258,64147.67490780602,63778.89559549736,37754.88433559651,,,16020.681217192248
01/1993,11367.305059451082,,14640.787490729292,65599.61932989054,65133.74157914388,38678.38220024722,,,16220.803567904646
02/1993,11809.294458555614,,15358.471875000005,68806.64596649997,67520.35010337614,40306.8375,,,17023.90772388207
03/1993,12117.829643162962,,16320.996452215244,73133.88249791604,71343.29392575586,41844.76530300458,,,16876.248174606306
04/1993,11422.597380087656,,16481.739034188737,73900.18254079277,70435.81336003737,41350.5787324752,,,16846.370919998422
05/1993,11757.08239924232,,16910.515640667385,75770.08643780077,71369.11819576763,42607.48547711023,,,17058.165923353197
06/1993,12135.607846862778,,17291.088377601085,77307.02050765016,72378.8229585747,45151.18888512942,,,18247.158306034653
07/1993,12599.43598874043,,18398.230914381445,82225.0945110299,75707.55934628868,48309.35912177056,,,19256.808225125314
08/1993,13177.410406297258,,19417.903100844072,86630.80170810358,82980.21565546282,52788.82278098624,,,18990.06393811422
09/1993,12556.483718152682,,18333.239570002563,81629.71661846779,79433.5893204196,52544.058919887386,,,18757.12396889924
10/1993,12966.66817947186,,19097.76414328873,84843.95986388587,83714.13222506078,57930.634596460935,,,19132.227572325057
11/1993,13187.99310195585,,18591.24064882113,82173.80111756884,84106.84797888553,62118.89202269101,,,19351.76816513399
12/1993,13341.53504260749,,19588.08257287144,86136.48090141875,90381.36168465104,72354.82533888545,,,19595.167146860324
01/1994,13982.159821309691,,21170.337446120688,93042.30076492437,96272.04916057148,74670.19040948278,,,19759.62031811185
02/1994,13550.3438992548,,20784.073316039005,91464.5108432438,92505.45535715872,73059.72934967352,,,19310.20839089079
03/1994,12691.652797918045,,19439.825282523,85691.7686082059,88028.86984524073,65074.81624178713,,,18916.96925445001
04/1994,12891.672761664764,,20026.3836056932,88576.7385285946,91939.83730525758,63958.06541908276,,,18779.30496901764
05/1994,12821.613417789253,,19711.49871045392,86876.3617709675,86139.62645020637,64725.34054332874,,,18514.5044796148
06/1994,12304.236876536706,,19297.24298037889,85208.77017769284,83851.14258409844,61919.19834235453,,,18298.8120140506
07/1994,12316.604873200962,,19116.460032786887,84133.74721971164,85526.07745713418,63742.24313114755,,,18394.008761889727
08/1994,12836.31017355328,,19820.13485967504,86747.8287619667,88340.10118156458,71735.80221565731,,,18256.107668626908
09/1994,12388.229940679188,,19147.316171456405,83544.41871571058,83928.01296217272,71773.59483682415,,,18058.461933141258
10/1994,12424.473496473596,,19262.73741041567,84259.97079491657,85910.35358738065,69131.97204968944,,,17882.18810435332
11/1994,12150.00857940921,,18700.18632616777,81785.1990511987,83848.15113678505,66512.037837401,10000.0,10000.0,18353.25808106721
12/1994,12582.41501311178,,19149.21909945572,84246.46810984582,86049.38416582727,62421.077931716965,10405.099244598385,10301.931555335645,18232.979437186725
01/1995,12644.893742612509,,18376.155359883676,81266.12337183832,83630.82188141733,54639.949511269086,10164.392842717509,10034.275419662332,18319.48336424991
02/1995,12993.880712335687,,18369.127133269416,81528.84341969769,84589.4931577885,52655.84582933845,10499.145223713647,10025.372090124642,18451.24718790701
03/1995,12857.48428695583,,18464.034249731223,82118.7708814733,85075.42913806671,50931.329672861306,10216.284937797574,9878.190236522809,18615.74969412322
04/1995,12982.853312539622,,18769.49633925881,83336.13589165211,86116.39164426744,52198.03594456163,10267.996649593251,9842.269906598374,19048.70347712831
05/1995,13710.366892566946,,19269.910738871044,85328.47281298498,89237.39402061989,55824.32987608996,10650.536711029526,10229.693885574425,19884.822591467026
06/1995,13911.774039246971,,19113.356386529125,84571.50239243411,89327.0848773625,55522.30439927184,10993.703951759711,10241.4184375,19649.5737459052
07/1995,14206.113189136824,,19805.27922632881,87752.24032544371,92891.08218758012,56108.94971137266,11438.66326411275,10476.962551915438,19486.38354974938
08/1995,14673.019847872903,,19958.17380088052,88375.50408205789,92003.8699706089,56446.10546072449,12050.395098478411,10393.548324708428,19807.2976279749
09/1995,15488.442608809182,,20770.35855432997,92097.03443530512,95999.1973499528,56898.94907298756,12379.943546898226,10739.911804740672,19875.873228874767
10/1995,15193.003751486518,,20105.485991528687,89217.37093241034,94059.42574361124,53869.593361571046,11668.038761648057,10359.587129765116,20036.192130086434
11/1995,15894.22979652807,,20782.75693447557,92495.14614665232,94932.9514763424,53023.258207918494,12155.934154511076,10119.366856525432,20658.52310849745
12/1995,16456.94876457078,,21747.61778126225,96687.24930833216,99492.47126182588,56251.91600156801,12592.647755390042,10460.206406899257,20783.587243951533
01/1996,17223.68184932228,,22500.964846849707,99611.20517696098,101358.71302174898,60981.89733375655,12775.38420250754,10628.099493731155,21302.30492954967
02/1996,17483.252118797678,,22724.483415802075,100773.132381904,103798.23732174812,60357.15624900241,13158.677508379891,11150.188686352756,20791.04669061057
03/1996,17640.287714165417,,23059.58867442973,102363.81708397644,104972.38733269116,60788.451491465945,13540.76615249641,11362.792140692296,20778.35773769586
04/1996,18052.988686777917,,23824.066071428573,105642.96432969705,106633.4254713136,63757.96071428571,14267.2757480695,11574.4476994852,21208.36128981332
05/1996,18743.208585179567,,24137.99692257592,106995.484505048,108760.92453488088,64243.23404705691,14924.678016771151,12000.694664169994,21079.350357185143
06/1996,18668.803072469545,,24082.159722110024,106681.28624976898,109105.74339761668,64143.07386703287,14440.285069876409,11916.564837224334,21057.38643091132
07/1996,17572.862696743352,,22830.45350835322,101326.26425399986,106101.99955782454,58851.26749403341,13238.349002386638,11530.687782020686,20930.013419110397
08/1996,17780.882700210288,,22902.493054789124,101540.89491783836,108260.08095805989,59810.475206937335,13812.329958218374,11627.121553015377,21035.718514425545
09/1996,18944.46329573469,,23954.05419847328,106409.88365052524,111496.07051562169,60851.49217557251,14420.1869163486,11624.70195451654,21564.0466511426
10/1996,19527.520175964382,,24124.65872218234,107464.91084963172,114439.4166919883,59412.83632447953,14398.087142059509,11930.541580920475,21647.442475431188
11/1996,20733.968605105485,,25088.199023622048,112009.60295487124,118695.34392100216,59633.0211968504,14848.566160629924,12141.972885039371,22138.779255634054
12/1996,20772.9511051641,,25272.04940040241,112633.65152876382,123672.488560404,61228.55589537224,15484.569646680082,12770.834428973843,22041.97418794648
01/1997,22671.04023865503,,26394.93005952381,117069.82555107116,127380.89833442953,67183.88973214285,16305.59912202381,13353.250289351854,22735.584323321626
02/1997,23844.209246047823,,27920.45983953067,123552.63828839756,134687.22157084514,73113.5041325166,16885.11352256061,14077.247845742388,23177.517069897774
03/1997,23129.89274528737,,27679.5482283121,122491.17455064926,140651.02339882293,72019.34976435678,16436.091103159368,14593.900783731891,22695.89927773612
04/1997,24644.072164033743,,28724.0025974026,127159.80947713036,140712.87320944032,72539.08831168832,16566.653450333455,14292.979812214817,23240.55728776098
05/1997,26064.431952580464,,30344.692730294813,134572.05451778104,146272.58454465755,74386.72331379581,18170.619839034207,14767.482977867208,23585.536961755537
06/1997,27538.11692278689,,32255.83407643312,142847.83689100642,155316.34282389822,79248.1377388535,19537.860744869075,15167.410796178345,24161.374669455738
07/1997,30556.423379582397,,34652.37725040916,153560.5123052454,167118.75438326196,82669.0031096563,21160.001296599385,15571.753031460266,25167.136993329917
08/1997,29667.345651145628,,33140.15501730104,147350.23775778493,162064.4311265704,74207.37301038062,22281.404588048263,16069.570954830266,24730.779097762166
09/1997,30471.42290547583,,33992.02500682997,151256.6138390343,173117.74885256423,74263.34255532283,23356.18699389855,16542.75676532192,24850.199313257293
10/1997,28919.15115397329,,31387.78084763949,140670.86794401563,161617.0841953391,60950.89200643777,22133.428234978543,16173.395541845492,24603.692228756365
11/1997,29635.18627072745,,31212.128785357738,140190.5015893399,160723.39824711316,57518.353078203,21663.59167702952,15555.686016288644,24679.19445869677
12/1997,30957.447132087964,,32475.10997391852,145703.51622969736,171092.28914895593,60493.72218724704,22576.47929490062,16021.686934076804,25114.249911197065
01/1998,32019.795525622503,,33953.44471432514,153183.99090702526,182313.5248376896,57031.48136903119,22786.477937252745,16869.51097249057,25851.639894225835
02/1998,34253.596854553405,,36196.27155053704,163160.93670644032,196134.29666105588,62845.41200771138,24435.5204333058,18098.369389516207,25846.00584125982
03/1998,36140.37048391496,,37879.80088454805,170652.24659611567,210876.65944594887,65814.32496084033,25613.05125587396,19889.520434902795,25911.23653155465
04/1998,36256.759877504766,,37975.89658643726,171127.45656904115,213510.76431165665,64656.53191177816,25719.427511668346,20425.41199414295,25692.56423412401
05/1998,35090.85666363194,,36687.93287671234,166383.9192603877,214517.924368949,54946.140410958906,24188.34860310022,20971.220120764247,25671.379800292063
06/1998,36781.39527653441,,37620.14901960785,171544.17313623577,218443.1866592716,49539.67483660131,24126.58167392884,20315.83673747277,25880.283774716816
07/1998,36475.82309109218,,37721.470373066426,171648.62106685134,223285.7337205117,51231.3137033667,22408.570884440403,20108.85341401274,25666.367367880965
08/1998,31075.010653770016,,32304.33754417761,148126.53873703408,194404.402583094,36269.79267784323,18355.95155052107,17739.045696420482,26148.54757863993
09/1998,31523.098743026138,,31409.90638444924,143689.37233193914,177924.91096089754,36771.157477321816,18361.39107732182,16068.197567170628,26140.821723171648
10/1998,32828.01582744618,,33012.210866128626,150867.18500687953,185068.22947182995,39141.80467592978,18386.28764456278,15858.548874282387,26672.63290839484
11/1998,35825.13205856945,,36029.613628970124,164439.9040039111,200554.6647025536,43623.9635647633,19858.72867905145,16667.473973118744,26919.001854994676
12/1998,37647.83637751166,10000.0,37462.341374617215,171348.44221891378,207988.02342530404,42717.47567199728,20527.47237495747,16739.571619598504,27145.31120495718
01/1999,40503.79747793662,9936.701170063245,39477.1675509487,180796.55679470647,213401.6700022833,43401.64158468025,21249.486284258608,16963.640948699933,27810.218257883727
02/1999,40548.64519376216,10086.814449083318,39763.39762207298,181806.6064864919,214894.5884723812,45279.56770738791,20141.767830822297,17456.6277999637,27845.660496507084
03/1999,43254.45603859343,10487.306313163284,42619.548426736175,194214.83370828495,222821.2866310721,52563.69350214113,20668.17401228822,18201.195596723144,28386.51971425189
04/1999,45544.28192582365,11527.732582051523,45069.23248089081,204605.64254084107,232600.34921988423,59875.14088893083,23010.864152118524,19352.261075776165,28954.50329557564
05/1999,45068.47971674032,11981.551947207345,44062.93198163733,199759.49364811045,224414.974656307,60329.542482785,23836.26957345065,19402.04383320582,28878.813592769468
06/1999,48159.2150726635,12479.100996901629,46829.9692680093,211639.39614297912,231031.03936090216,68009.00141363284,25143.39770333076,19826.231915182037,28691.991948533767
07/1999,45058.68401518935,11690.50432728633,45042.394595100064,203755.3449302743,225196.39610768063,63897.13858238264,23816.68698522537,19779.42360201983,28323.89391009196
08/1999,45348.87883647522,11611.826942211292,45503.17601437624,205692.81389361137,230087.54409579263,65216.39177149343,23086.808347678056,20267.905114915357,28832.537395903222
09/1999,43725.21431450646,10939.995812845757,44624.30430379746,201913.42143311736,226344.31548910728,62465.79172995781,22492.207617440225,19920.05156118144,29042.91155227533
10/1999,47435.09575610408,11131.295629580023,47835.21903759687,216688.52871432208,239432.398893994,65089.71613890751,22568.12570171243,19991.674943078546,29412.538974622094
11/1999,50105.83632133739,11358.8551450926,51060.52548281668,230610.35476050669,254559.12621378904,73426.66160245618,24167.05804100228,20622.2630523918,30381.971030508743
12/1999,53326.22866810132,11570.301774636671,55595.095819231545,250512.9941823113,282075.07193502854,83185.24963169421,25442.08212223771,21912.64681664344,30443.7384062833
01/2000,51966.05873946909,11242.62745092432,53965.93034419364,242288.2800773727,268807.9064112896,85860.4465529568,25163.87053824942,22279.08937187213,30525.6245806528
02/2000,51386.4792620835,10651.560469425567,54578.418900555895,244838.15944074243,285067.84480037587,87683.98721432983,25965.948591723285,23036.046781964174,30797.62797489837
03/2000,57364.30157278598,11919.305398094835,59146.62131267664,266141.69568614085,296872.4672042245,89596.89006594787,27530.783458599395,23372.132440071186,31946.974779966054
04/2000,58504.586453145566,12572.134258227848,59403.7398789213,267986.7222498553,298385.30461533973,85281.69219592736,28006.00541772152,23262.54794936709,32450.191419662944
05/2000,55961.41585305012,12833.086160593357,56506.237729764594,255050.1082766076,289010.43095136713,79840.17020316028,26590.825516500056,22796.81053853596,32135.24687216324
06/2000,55822.91665074519,12110.8119744663,56874.80399748849,256627.43990774656,287398.51975543634,80464.26473419841,26590.07630598577,23067.91484093764,31843.40095512492
07/2000,56810.97274556172,12460.708796711022,57073.7429406037,257817.0081875022,292383.80081749737,78910.68899707886,27932.373863464247,23592.798809910204,32385.50341397956
08/2000,62622.98638003693,13826.242688075456,61074.80238041771,276243.3113592198,299876.2685042332,82299.30855602966,30676.1963867056,24490.974819223004,33497.562852744995
09/2000,60271.12342589394,13802.320580034228,58648.87180832858,265729.3168800189,290434.59507620416,76321.59402167711,30643.021599543645,24379.44820992585,33681.56253700122
10/2000,62497.69018405656,14614.677342996316,59878.812189616256,272045.5854659542,300149.2047833566,73714.7742663657,31258.661618153743,24294.17395746704,34623.02166791649
11/2000,55800.3298925952,13924.67875909719,54442.217549516354,247639.25543011984,279655.53329559043,65201.32330723169,29069.267544910184,23613.39368493782,34381.576350791336
12/2000,52331.1923380711,13493.313177001612,51657.55815153143,234819.9984987017,278982.40342565795,62319.01212251477,29630.55034067706,23614.858097796885,33019.23076923077
01/2001,54257.826812403066,13565.210828365434,53032.01121274078,239650.89705787727,279470.5739516973,70991.89482406112,32789.95487571291,24517.63028731303,33292.72407940956
02/2001,49550.44723592158,13297.07710769896,48806.29191176471,220438.45204394544,256176.7126369687,65751.54134948099,31647.909919982703,24296.0439316609,33656.539842917475
03/2001,48597.43887988294,13310.340996829713,47664.976019021735,215621.61521839644,248235.05658979455,62086.26644021739,31914.77645833333,23469.507447916665,34002.002999565855
04/2001,52114.34164476126,14017.022102748986,50883.307908968,230368.32081145383,264557.47063365806,64831.07818837313,33767.274209103205,24466.55981072556,33781.88025417374
05/2001,54913.45060687364,15118.189659905658,52665.70924528302,237984.00999649244,263411.84553669364,68668.54259433963,37003.0315778302,25532.931849056607,35229.39771875123
06/2001,53576.93451420489,14887.813649528302,51052.1750235849,230494.193973948,253454.12000096447,67258.99443396227,38016.07986792453,24475.042400943403,34948.22788806883
07/2001,51383.197841663336,14457.673819760135,48669.26412335809,220270.13823347213,246103.44707398317,61029.71444888635,36337.87990177043,23726.73159109081,34666.85085053479
08/2001,46046.94120833865,13651.579904345925,44389.31452282158,200438.5474064957,229148.0828800385,57768.591286307055,34275.23685739245,22954.05374535925,34647.847022141534
09/2001,42453.6971741988,12775.537844704852,40453.858219253096,183290.37078367945,206890.26645717552,48971.57590625342,29770.575566750627,19840.084836272043,34813.16848877136
10/2001,43689.083876814,13072.789013934973,41720.13443928333,188628.8805784944,215568.8823561328,52522.63676177837,31324.55793408538,20767.64192656492,35477.97687176856
11/2001,47801.58370330424,13877.15074938188,45002.61847606203,202992.3216175121,227850.70507764615,58944.9145650708,34392.655500112385,22250.46287929872,35186.56510241938
12/2001,48685.43039070807,14519.853874957447,45862.529853625325,206217.79621333536,235941.0424603081,64237.32098036992,39245.95294224442,22885.595760807897,34473.09271026562
01/2002,48952.563787732965,15024.47289105013,45514.84251476207,204023.7910288262,228169.1131192365,67767.53956234804,40295.2569271738,23067.760657635758,34994.997434581834
02/2002,47930.80202261471,15163.43535683736,45107.39244018032,201902.08766946688,227761.4693021674,68769.39241706161,40282.79819674027,23432.1164281586,35009.570983147176
03/2002,49317.29080225841,15553.425168271431,46749.88679504814,209031.991104872,238095.37812669855,72295.9107977992,43675.638613021554,24633.394406235675,34617.08173816947
04/2002,44866.704724781695,14866.350747335697,43842.00812611012,195560.7837338328,228828.84516469177,70471.03627886323,43377.95812611013,24945.68454040853,34713.99534277933
05/2002,42738.01602758493,14225.348614040691,42131.33595397891,187977.92151641383,218917.48376760076,66548.28513902206,40333.79580909769,24664.504830084166,34427.35919801082
06/2002,37353.963199114856,12546.12694736842,37228.25828571428,166133.49618426026,198860.88473011472,57927.15771428571,35538.06597493735,22259.48005614035,34141.80842246517
07/2002,35118.00017480017,11768.420527036697,34775.540938362465,155100.92639628492,180202.5545519608,54571.81398344067,31241.14361238884,20290.60263313912,34730.66069384694
08/2002,35168.81888420959,11976.819835655446,34688.14908979966,154575.76544394187,179253.4290421378,55130.92866876844,31128.40588426727,19887.04279060308,35325.95611161542
09/2002,31260.851145893757,10855.117212576066,30798.886308316432,137180.24601685806,155246.33741785656,49048.11036511156,28328.03915415821,17438.191271805274,35437.147255002565
10/2002,33998.5276720812,11138.09014760746,33053.44361313868,147228.5159221501,170182.59552830493,52209.55218978102,28948.63680454177,18109.958667883213,35220.5667600742
11/2002,35771.1860814394,11553.7558251234,34640.24533091568,154159.50777591695,177406.04557206124,55449.17280145058,31193.025385312783,19064.909866021964,35105.2413466472
12/2002,31871.7564331781,10651.124329169448,31227.15676551922,138837.42258378377,161843.18207792295,50744.265490607424,28303.30376847526,17804.129369695816,34952.08588230651
01/2003,30092.76258441249,10162.940266272191,29393.64153106509,130512.02798075438,149496.6672694102,48986.51671597633,26819.53527551776,16911.37739644971,34635.27647314205
02/2003,29734.721179181037,10060.358914858094,28969.585475792992,128632.22827951952,145073.86059711676,47814.67996661102,25982.24395288444,16088.116581339267,34980.85803370565
03/2003,29712.01877670033,10003.80353813676,28560.75744837081,126877.89942167644,141427.2788568659,45977.05173015145,26076.691612666364,15779.183966957322,34657.08252752891
04/2003,31477.568592699285,10321.142759500492,30451.678770999904,135193.15131186057,157098.92664427642,49010.68930015273,28930.847774683323,17748.802700565986,34293.296364999806
05/2003,31199.21952164579,10422.61483031636,30340.27166300119,134538.24963147243,157510.51874469253,49457.95883945187,30063.921478599223,18836.69883268483,33951.45439475866
06/2003,32689.452164639675,10898.893259823224,31991.90769230769,141580.25720835966,164526.42205806353,54083.86264111315,31801.74309442549,19953.61914413232,34216.32395311205
07/2003,33586.1836159889,11136.507203392825,33016.788178123345,145829.8071008977,169485.4352651966,58024.48208163986,33279.33618837251,21201.041770630854,33867.66389075266
08/2003,35466.4482883288,11732.86455349135,35010.017626063884,154292.8704787041,175218.57759627298,64134.71509105884,36034.997267319486,22792.914794545624,34534.83048506137
09/2003,32906.48448411636,10960.489479231032,33041.361997940265,145563.41564566983,167658.85992649067,60585.09747682801,33414.34520425678,22287.929435290083,34411.07865966768
10/2003,34857.75252587352,11537.369959731544,35136.2448631905,154584.9047950395,179336.37551890573,65910.4418688694,36195.2169987954,24163.285379452765,34305.61037218297
11/2003,34073.79337908959,11419.208340837084,34568.0819909955,152054.36205555347,181170.19220475436,64651.03101550775,36453.33561614141,24192.59372186093,33829.92264277539
12/2003,34054.96312638137,11352.489960095012,34908.90940617578,153445.46800453623,186176.47995315952,65846.38646080761,36089.94177830563,24309.32553444181,33426.20475983739
01/2004,35368.9371868021,11900.094537467698,36212.470058139545,159004.63811456438,192094.59593106,69539.37034883721,37930.45664890182,26187.87636950905,34033.60697793741
02/2004,35762.360965954496,12037.877033338702,36779.750781124174,161224.57529357894,197179.5621170984,72548.0375261717,38641.746021903695,27482.96489450798,34081.96511031298
03/2004,35781.8429197264,12288.638932264395,37164.49986910995,162696.47419695088,194066.50921771844,74646.38491492147,39629.26352912305,27438.41371073299,34952.84564076252
04/2004,36036.72876253276,12526.02931614631,37153.31756926425,163059.18826933578,196919.1390166677,70132.73225077425,38768.48669791579,27525.25714237884,34298.34826538264
05/2004,35779.54821204492,12493.872597147074,36695.77009345794,161158.95909201252,195999.3432371773,67336.74953271027,38613.80854730284,26996.572279062144,33926.382365710226
06/2004,36604.31563658813,12778.387064747016,37569.83531057178,165049.18716034506,199323.6235091645,67883.63486631017,40303.51777375566,27981.90494282189,34121.43308205391
07/2004,35733.84719008805,12491.089331339812,36728.55295290307,161198.73073141734,195706.06013424683,67325.81774233741,38955.03557936706,27266.719014868348,34303.054821012745
08/2004,35665.09118452032,12547.696856081244,36747.27451077533,160944.69461268224,194659.96755211035,69727.0819915779,38754.95727025018,27130.089508711088,34789.39890279039
09/2004,35185.59785756319,12480.563329841243,36620.42514304134,160051.19636439072,197604.5928174005,71983.09836409059,39042.25852687566,27813.21999032961,34514.29727276315
10/2004,34803.20460244126,12408.484304938367,36557.8103478056,159745.26147159206,199464.91807793817,71809.48786998507,38697.1615278323,27969.087141399075,34693.25492362947
11/2004,34691.58037743318,12528.115864610756,36947.30053403536,161080.06216990584,205111.9407471089,75167.80571643476,40182.00317713427,29432.71542685221,34394.452776571816
12/2004,35013.53909496121,12702.62512297188,37468.6974524631,163226.59221661455,208680.96041803824,76900.85052492475,40710.26922546068,30538.95205638353,34197.99108023839
01/2005,35695.78063745927,13088.988804909855,38330.9900575374,166724.43460941807,214020.6823653255,80612.33855005752,41271.91779056386,32476.021032604527,35162.598176579704
02/2005,35836.63425760494,13170.762815418268,39012.34786150713,169125.54604054993,220963.81264229017,86222.35342837746,41552.7731236328,33797.54106811496,34566.41472944705
03/2005,35997.64030669475,13309.035248688677,39031.01116939216,169590.7912398462,220267.85872276084,82362.27398950941,41823.75729404505,33489.47122647332,34841.45715751668
04/2005,35334.00799078862,13110.903270510147,38216.79884232461,165985.15817405828,214800.8352025053,80210.3630470016,40010.021120629775,32131.850486995445,35611.12207443659
05/2005,38309.13378905602,14077.99733711783,40936.83420647149,177510.46337936883,226506.51072655307,87249.79691833588,44813.15698807883,34131.68858324548,36474.36555235426
06/2005,39121.76925726601,14521.857608666887,42186.418392325504,182585.2985544337,234164.9552491616,92045.60621898776,47224.86138604036,35554.701710221634,36869.85436318429
07/2005,40573.29403006217,14931.098937567183,43753.98055073183,188947.67694748845,242673.5859933133,98550.4151327214,49819.43485156703,37223.86320185232,36388.70031969057
08/2005,39857.03367604118,14668.458888014427,43726.94579439252,188732.71971307648,244171.7395872945,98581.58971962618,48494.29233972783,38000.251700278735,36582.00457828472
09/2005,40700.36459084229,14923.300895200133,45638.46576980568,196143.27275536236,253336.2002521074,109170.12047832589,48872.42931738915,39360.54106626807,36595.51249161306
10/2005,40085.10096429412,14588.627902520171,44487.91923812693,191687.066451716,245746.47152015663,102198.7053979872,47131.694272644105,37472.687578807294,36169.9885542882
11/2005,42499.05403968774,15331.084605998807,47126.33882232984,202348.8428678189,255283.48244026603,113048.74366556208,50054.47545076048,39492.857979437504,36295.17109365749
12/2005,42412.94280776664,15382.865015173347,48182.38169026024,206340.89233732971,263638.12365439266,119461.2899720268,49912.511965754005,41540.21132999916,36682.08548762679
01/2006,42382.68650713383,15279.18530648622,49225.50103977555,209844.7516178599,273423.2072739727,129357.54603069814,51605.24724707049,44129.3212493811,36086.29672021155
02/2006,43367.33849599113,15756.33563991579,50179.42368,213820.04232276423,279250.444483043,131878.22976000002,52385.003368421065,46355.90081852632,36559.56703635001
03/2006,43076.4616225624,15605.43732055519,50286.79109385328,214387.43005597583,284609.6797110571,130542.9879378718,53091.2685624587,47921.45348149373,35604.13624343845
04/2006,42147.13024399904,15320.066248065725,50190.5664034458,213267.13908941075,288815.53884984995,135028.48528356064,51680.86919518226,49015.65744755523,35014.15913486206
05/2006,39881.14407726758,14679.145661796703,47013.03212620454,200683.72658873344,273615.96190842206,117799.22098228164,48490.33844109419,45895.75065899907,34970.97130678455
06/2006,40422.10683249335,15141.857461181464,47585.03206166915,203070.95526149156,277852.916192005,118982.63663966018,48943.08767088808,46054.494025013766,34770.70095117812
07/2006,40499.42583883536,15270.276043236468,47718.87130884311,203474.00851319215,280895.74763185746,120221.7221116942,47529.49643299132,45758.328963734646,35110.40178395232
08/2006,41192.00690684879,15402.169459808574,48659.95214380204,207391.08851789075,287867.1237828568,122538.6931445024,48167.26098824995,47191.43758462378,35328.15645103998
09/2006,42891.01199974343,15920.293707740915,49983.200047393366,213030.1467046869,294711.8745694034,125433.02488151655,49508.91157503949,48886.92748025277,35599.23234794963
10/2006,44163.07428539298,16397.231020793948,51720.63360113421,220222.71159759248,306479.83468649624,131024.81441398869,51708.75891304348,51697.81373188406,35659.707147649686
11/2006,43284.58200000344,16069.996009696966,51176.70640909091,217001.14334248385,305258.2018096428,135407.57809090908,51440.72408787879,53100.57432272728,35272.26980305482
12/2006,43991.74419908985,16301.190055884585,52450.87804100229,221917.35707023775,315777.93087579426,141840.00232346242,51881.269365224005,55873.49570994686,34794.115325413426
01/2007,45401.68451648072,16905.643470742627,53867.51338582678,228281.1595796261,322940.0023996374,142748.52950440018,54259.37865524163,57830.14786629613,34833.57343016142
02/2007,43647.72922721974,16436.764724244946,52562.13558398305,222675.5197086388,315518.3362534028,139160.76301566878,53402.92822647794,57383.33615169177,35062.300193393065
03/2007,43781.32759303148,16444.44515663012,53207.51411623367,224929.89195155495,324326.41279538337,143572.4474245382,53505.15555939332,60113.00906892928,34863.707226585626
04/2007,44756.14983862263,16598.5690216832,54426.15148842336,229895.50613904087,337982.69193546847,147231.63850055126,53921.08974200661,62048.1564954061,34369.15380668588
05/2007,46841.24543424632,17333.598502936147,56728.635427042296,239007.35457794403,347822.1420137547,156166.98995019696,57005.80295101465,63588.46189994798,34148.537711647
06/2007,45885.70043928855,16933.62879200296,56364.317260273965,236250.6324641869,346414.7415487667,162924.021369863,55517.533827471314,62328.41065827472,33817.97371433082
07/2007,43807.7697799022,16011.725175165971,54698.47747866053,227613.98401736736,334041.64220641216,169075.88509520682,50845.945894798286,60969.16341139565,34364.10190630303
08/2007,44470.94492113012,16323.287918861726,54578.303947464425,227474.54202017735,330401.5370731956,165562.23992703395,50931.14022181686,58314.15210361183,35078.0775150965
09/2007,44591.84451960796,16127.564652796387,55602.366753649774,230326.10843651288,335524.20194334816,177713.77910995134,49643.04979194584,56639.53053388816,34438.88384575917
10/2007,44460.79289900342,15849.477119955696,56710.88883505226,232986.8598496981,344646.0254420172,193881.7553678964,49416.5586973074,58745.05751782377,34390.14090065911
11/2007,41695.80265895544,14977.107364541698,53073.16145247612,218709.7902575639,326517.6850277712,176314.51457218349,45067.27992954406,52740.59340559584,34846.55839286419
12/2007,41519.0348558423,14825.885223558182,52642.30760138578,216474.7392212931,321669.3687371992,177428.40354595476,44564.78321988996,51226.45191087563,34802.90681611872
01/2008,38637.59140019671,14114.11603819771,47858.41513113651,197928.522288562,285219.3226303825,153781.84095494283,42719.89108540686,45328.250399462006,35643.24900343371
02/2008,36650.3962662339,13441.091258653656,47075.933579481774,192929.54215943883,284124.36663600703,161954.0131865234,40031.24839058483,46142.90462451374,35609.10920787781
03/2008,35003.557924308334,12898.608554009612,44513.23797116114,183285.78465006943,273668.5356548583,147140.76321780926,38035.001175056925,44587.27364153807,35213.472392153766
04/2008,37350.86346932208,13567.474777606176,47852.23285714285,196295.5840930236,291060.0858088972,161890.42285714287,40563.94674388674,46060.7657927928,34659.707147649686
05/2008,37912.72608960402,13777.339890895022,48754.86325767346,199699.986475483,292950.50199385645,165281.16588857365,42200.09554810421,46295.69166623678,34206.59509807791
06/2008,34152.75707528149,12287.20206394316,44040.63996447602,180788.14015367985,263110.93217147305,146398.52808931743,36512.42115452932,40528.50003171785,33894.00876188972
07/2008,34197.57130100922,12648.466480814808,43331.37809237077,178099.26392086272,258053.63895773905,142373.9953494331,37788.4886400615,38836.33522516176,34281.13036271065
08/2008,36754.69903194867,13660.800705259584,44938.05959959281,186036.88089184448,262629.3298294094,138839.24143875128,42085.70812351545,40447.36868951476,35623.52488455618
09/2008,34490.77914007785,13630.911450464935,40527.74602530938,168860.6874779441,229748.7132559172,118016.88560441868,39430.4262364539,33327.9584003356,36905.49394166634
10/2008,32176.016678467044,12866.220900211649,36446.53545504429,153428.49461673645,202867.2668107156,96125.56494473624,34513.85722505291,26482.949839303918,40093.99297470103
11/2008,29937.63252394275,12133.978446452424,34155.55907912313,143835.52119359814,189401.10231869525,89105.85484403238,31406.868737330093,24409.768907048016,41571.40742787229
12/2008,27669.058512370844,11182.299259610549,32382.49251993965,135756.74134553608,182299.0920928209,87864.60426816125,30694.64191851693,23823.05750377237,40656.89505466314
01/2009,27513.586913296447,11126.512798377027,32170.84002808988,134504.58639078785,176068.01895264108,89290.08370786517,29541.467077091136,24519.2798954432,42211.69633342543
02/2009,24918.440302419596,10174.07604428978,29435.86210060108,122379.2327514106,160331.79300387847,85414.2998418222,25656.33028313825,22874.11800221449,41347.03200852508
03/2009,25749.01280723464,10231.331250976857,30286.20987376014,125041.15590260184,162888.9811440356,92826.04706943192,27760.652442140065,24001.887224226037,40553.054821012745
04/2009,28283.56367920009,10665.585171525425,33973.34481355933,139413.89690350948,186061.99963570395,108556.64040677968,35826.42588775895,32282.89446026366,40628.98133164937
05/2009,28122.048075638548,10326.32096921549,35215.51293800539,143169.6467256547,196452.4677576924,119744.91509433962,36912.27044261598,34703.1542133636,39300.10459012511
06/2009,28106.109272677026,10451.635452384322,34942.999476439785,142160.73322388367,192114.8431705073,117854.7219895288,36728.42905759163,34151.373277203915,39703.072581600034
07/2009,30223.31785087057,10894.456825293537,38020.4457631914,154157.68848690137,212232.16640699943,131154.35118121377,40927.49950488047,37876.86826425237,39957.97647708884
08/2009,31020.47264920666,11020.764010650222,39026.22338845292,159010.34673271034,223498.7168114567,129492.747771861,43644.741855381166,42873.17891115472,40258.79149070529
09/2009,31362.81113699437,10978.53765731066,39794.72575291948,161158.92398061132,227945.1896731369,137688.79360786724,45542.12546199549,45335.85832684559,40438.439831077085
10/2009,30453.688672134493,10773.86722108108,38772.1125,156612.55217144376,222907.8743832048,136409.265,41828.41745675676,42264.56751351352,40095.34475273316
11/2009,31801.20243830518,11127.377577581045,39784.58704652866,160592.44059568894,225973.8821496376,140163.74973041334,42758.3928296612,41493.48223923318,40649.53427793346
12/2009,33803.79860101283,11842.111924753572,42359.89304456477,170477.80059489416,239209.04760504625,151957.1831320283,48056.98780508122,43355.15125780925,40386.40131033667
01/2010,33614.46247457967,11934.90652183875,41814.64738651009,168580.70975258332,232166.3471047409,148028.06129170844,48350.231038235725,44314.921320349415,41740.23167699412
02/2010,35667.01017282256,12553.73599705232,43599.04461311717,175946.02834225824,234187.2989323313,152915.99014001474,52233.435186440685,43280.93281355933,42617.101472155344
03/2010,38074.736889437816,13129.65009362712,46738.78210549744,188103.8675760578,251048.01302206423,166389.2569330069,56877.73958157133,47766.51340455524,42226.33895094131
04/2010,39152.16630708816,13420.593093503569,47418.71481787458,190447.44751449465,247264.1859894596,170516.9978820879,61178.89606909501,49305.67366128428,42816.888345107945
05/2010,38976.52744228422,13606.727965873082,46483.888583732834,186309.2059319428,234946.65453484352,168336.14040789797,60608.7709758674,44834.459722109386,45946.65903619213
06/2010,37044.52037156023,13307.878222801724,45200.38498899845,180449.209517727,233884.17401496667,167619.04390840197,55865.1159155733,43945.12504441365,46827.0414808383
07/2010,37336.580972215525,13189.608466380105,46051.70181148296,183743.59898204065,245946.60807011495,171138.74521031624,56625.38248848634,46479.41483880873,45615.42408335636
08/2010,36629.6468728334,13446.079830599369,45680.34123028392,181738.04445474027,243398.47198245156,172479.90790220822,54157.71908517352,45222.49076813881,47679.65820736472
09/2010,37068.6788467851,13330.483112837046,46515.50319460727,184592.4370936894,250986.5468345536,178076.40048358732,56143.280523153575,47592.92630861665,45427.66507479181
10/2010,37898.86058130066,13467.988179259575,47479.02801472181,188585.3067414826,257911.05895510045,180498.52985494697,57497.37112506316,49451.60112001156,45241.18877530884
11/2010,40408.58336054325,14264.308746884137,49511.42788121249,196707.82303860164,254079.2908070788,187355.23303585165,63260.52801200185,48485.17424219111,45997.464182815645
12/2010,41934.80776964689,14654.73204879509,51703.83488998653,205418.2359669321,267901.6779360206,195278.24777727883,66691.48900164646,53360.55522227212,45408.77965031377
01/2011,41894.03614267691,14186.856087058131,51260.99171779141,204996.22919058465,271749.513434496,185437.56796669587,65761.65553461877,53497.803293894256,44416.49563878912
02/2011,42884.52421057183,14424.334118548502,52233.01179702184,209995.8648289401,277790.58675383945,181849.70649125343,68295.69637415066,54233.66595633946,44257.92319532699
03/2011,41775.20780700845,14216.607672837332,50831.99176462308,202465.93818640747,268242.0732742499,187514.25248117125,67598.73434926444,52895.875606391215,43192.94904684848
04/2011,41122.249113876685,14260.801712516824,50614.55236877524,201792.1725267382,276975.0395698913,184874.2587617766,65987.5026258412,54161.356063257066,42632.16837036745
05/2011,41999.27378152754,14883.394292665973,51210.83036496351,204130.98042676292,276678.4751030991,186045.5559541189,66868.55407299272,53712.94049217936,43945.70193787741
06/2011,41104.87273701377,14618.83205203072,50186.553725870064,199956.4620685825,270100.54195798066,182399.53462948863,65133.7291856362,51355.79002560023,43665.27213166515
07/2011,40814.09767802413,14365.437110518937,50054.02396914447,198988.01814440385,264476.3467412513,184172.9358345021,63620.8255483871,49434.537838709686,45077.01187985949
08/2011,38089.40722571029,13990.194037093424,45807.83028373703,182535.78883432344,234850.0126091431,165575.882366782,57352.941947404855,43194.17441799308,45945.43552906816
09/2011,37895.38655103759,14408.058005776493,44410.170273272604,178466.08010134273,223734.4987829254,151384.96649633415,54360.50412204696,39806.12156409687,48416.60417571141
10/2011,40541.83992800663,14884.75263795443,47430.944546818086,189921.604537392,241892.2144504852,165353.6437540176,60190.69415470324,42022.690839225776,46788.00765678652
11/2011,42209.923074060185,15639.149259800264,48034.93481889998,193334.99702988504,241012.72379014103,161048.41426442092,62689.36020718439,40436.40236696974,47767.58298141059
12/2011,44220.273896058265,16546.755802766827,49729.66255506608,200380.8342500801,246073.43805965583,165013.48017621145,65307.11064997296,40130.807099466736,49981.33164936654
01/2012,45370.90021675304,16669.564562537947,51688.363114754095,206651.3955907669,252972.5473159147,180456.9307377049,68533.4778870674,45169.354266848815,50246.61562142322
02/2012,46392.71039037369,16766.19591906568,53236.22423566168,212441.11352361256,263651.83769023535,187500.1249274716,69542.6071784572,47632.82151603066,48679.44113352015
03/2012,48231.54331393435,17254.405132674452,53965.10336927225,216573.9656298778,263807.99143383274,182442.90107816717,71192.90476040733,46782.66048367776,48401.02419386668
04/2012,48443.99200394809,17543.689472075075,53956.56406841229,216415.4799241033,260533.26782125415,182250.92520054488,71112.49026335706,45835.51908733162,49431.19745826262
05/2012,48509.69107375338,18011.42797710231,52382.132338950265,210662.9377993188,243547.96229518563,172493.72077723133,70282.324676288,41189.77666209789,52653.44160713581
06/2012,49758.20776691747,18422.61190214456,54178.41760127085,218108.91748474477,258960.0816609621,176570.03637807784,71885.77507069104,43573.65027640985,51279.53190985516
07/2012,51705.99974411996,19037.97494236405,56306.48855421687,226415.8451453313,268397.9063222759,184628.9060240964,72552.46694724847,43988.76413871704,53335.90204049415
08/2012,51499.67303123254,18676.607395131232,56066.52160811989,226136.1378488754,272970.7953727228,179321.75954325587,73370.66700182381,45517.25515026564,52504.4006788491
09/2012,51527.16210283268,18715.30833348801,56428.52143851508,226616.5383712506,274096.7216100142,185485.91387471,73762.02647950503,47861.32091105956,52069.65110312981
10/2012,50330.4775582332,18462.211240514123,55795.05342876935,223993.7774108795,276732.201228433,183485.72694527823,72909.20224890327,48926.25125067344,51376.16923866283
11/2012,50649.65013096342,18673.71255351917,56565.99148313568,226984.28095770988,284071.61174913286,185928.92679809025,74086.73795164023,48923.056929000464,51092.84840352054
12/2012,50305.52897435452,18402.49971714416,56962.27735334244,227607.36330765035,287460.6674171951,191967.52905866303,75472.8561815977,51697.58538123391,49896.45577613766
01/2013,51521.01658473039,18901.0833700369,58036.84724723247,232917.00015213856,296270.25092438265,189530.21118819187,78802.16152324724,54343.35697121773,47838.368788727945
02/2013,53894.96181070904,19796.28379312971,59915.71172214183,240782.7416430352,297314.38110352686,193178.3600578872,82115.01949729607,55525.75434838908,49056.389864624856
03/2013,57331.01011694862,21218.64723186255,62584.28265521282,252657.82531872016,304206.27999874303,194697.77426005463,88502.79067239362,56378.0796142132,49774.539211429925
04/2013,57242.02853436367,21258.530743268057,63098.56308139534,255291.1007665033,310919.9326511259,192233.2526162791,87003.52317778459,58157.5349510404,48951.95761139835
05/2013,58878.19740277958,21403.00650161464,63298.11783792097,256683.50795584416,313075.58470935485,188342.81316315543,91294.1561017992,60357.45308319239,48143.60421517938
06/2013,57758.94421380059,21106.48602171254,61125.978990825686,248942.30855304707,296279.18549001607,175443.93701834863,89697.03528593274,57003.17714067279,47746.10253779058
07/2013,59806.48209966141,21760.49149288136,63130.63918644068,258198.7933842044,313425.59193865326,174766.4672542373,94438.3586787194,62129.61630734465,47369.499151438606
08/2013,58249.925209722256,21128.36285545901,62028.78936154138,253466.796924856,310361.8344132104,172352.92977710618,91435.03411711373,63064.28032640727,47520.10893160201
09/2013,58875.45701713496,21270.69444383561,63952.03232876713,260822.4428473896,326023.79438350577,179944.84602739723,94704.87857978528,67592.2122191781,47184.09835418558
10/2013,60967.83233183217,21922.72772436038,65873.34180778536,268329.77131514327,336601.3314294768,186832.3535957774,97329.7602404516,70674.35363243164,47422.14942574101
11/2013,62964.23729032451,22373.35742296672,66981.41234295792,273700.34603190416,341330.9661546161,184520.81207846597,100775.62514289914,72258.66892954228,46828.13671705411
12/2013,63715.72525354884,22383.89625175839,67270.44772677834,275843.8285916278,344415.22099261446,179494.29697628887,101725.71996084404,73433.42269596116,45829.8437068319
01/2014,62764.24015938076,22056.92101805268,65908.8402189997,271031.5379847727,337841.6633949263,171294.3968185854,100529.970282628,74367.1998505475,47502.90089592296
02/2014,64224.18080002153,22497.989041337867,67639.39972489684,278480.3452700548,354718.9883923208,173198.84236588722,103109.75688699054,79983.5723564758,47013.754588151714
03/2014,64881.3223158635,22895.61232056861,68099.40809399477,279389.03428945533,351733.3725205208,178877.9828981723,104414.70716420078,80027.24754424137,47048.12132454513
04/2014,65068.30076013523,23073.738017617325,68475.77337184115,280988.3861269896,358893.37104266736,178740.17116245485,102285.85158844764,79507.3367393502,47287.49457315388
05/2014,67785.15869094236,23761.384960388037,71241.54571911515,291633.55147304013,368570.2668970448,188323.9198941721,105031.7705886676,81137.02822958771,48199.63886805857
06/2014,68927.0076252774,23996.01185532289,72342.6530238688,295742.1402166764,366816.2853753109,192690.45731439453,109211.89298433154,80028.15191828967,48422.72171133126
07/2014,69393.94970425921,24164.66229553777,72977.89456611108,297091.1886236088,360310.6427280545,200673.8642798416,106251.511987443,77480.32032139921,49086.16844930339
08/2014,73215.38183992346,25431.47543008796,75700.62638762512,308035.1752794275,367062.9968066033,208249.3573703367,112906.0788489536,78208.6997831362,50074.288589809374
09/2014,75659.57982293481,26436.19732464436,76798.10449018517,314083.3655218422,370267.4555965352,202129.2216005722,111081.544525153,76878.00105380277,50499.06263567115
10/2014,77872.68476363232,27467.79356148195,77720.7588789524,317604.3742209276,362203.96758373466,205499.48484509744,116187.02856755033,73873.1850894283,50768.97422741445
11/2014,80229.6490946457,28318.112349275016,79313.70684931507,325033.47795628244,373053.03237142303,204006.0383561644,116762.64209885446,75041.0786990307,50722.382286774286
12/2014,82281.83035112746,29090.83250638333,80008.27887323944,328800.51832220104,367050.21353519073,200184.9042253521,121614.28316777862,75846.35197430196,51969.54059280895
01/2015,85713.74060605608,30994.49070075188,84600.69277310924,346716.8438486681,394179.4347086487,216294.74924369747,125361.10892879256,80398.73237328616,55548.89094999408
02/2015,91164.1916919498,32378.02482099644,89865.91601423487,369153.0207180961,421350.3707002234,224307.68604982205,134277.36372953738,88332.60264946618,55251.026167265256
03/2015,93733.56563875942,33355.61709378194,92484.87398457104,379619.79077753314,428493.631654272,231050.3492517892,141535.27033553304,89795.53831025188,57085.122548052255
04/2015,90785.14292758708,32024.59350084708,91342.36023183235,372725.55846324,428917.4755196788,238760.1626749888,134126.34832634867,90956.63443958983,55306.47866756128
05/2015,94006.148944017,33094.47849079307,93333.11250683684,382362.5198162127,435117.3379569327,234364.88395624436,138640.02181768464,93488.852437557,55201.02024706949
06/2015,90381.92538660564,31767.83145339172,89392.61043882383,366161.8219623446,413493.7718106997,223985.0736437573,133842.2003968183,90058.82133702743,54179.91474918105
07/2015,94143.5082104709,33618.46501212728,92027.36017142337,380279.52341622126,435040.5838393367,212818.88808242907,133110.22193671926,93124.99545363364,54914.90705292655
08/2015,86507.22112462565,31310.683015604096,83859.74482389656,347261.9628898927,395126.5793302996,189362.0608114133,124097.3951029871,87233.87544003568,54461.094446856376
09/2015,84457.09292036091,31130.918473266083,80945.38912791215,334811.6198701292,377085.01143833855,183929.72471659377,117956.94709274302,83353.06658573597,55109.79003039034
10/2015,93127.60021443068,33747.7454947808,88794.04950530999,367444.0919357211,410907.8907252601,200389.64908777343,127300.85240083508,89181.32851774534,55641.403875754826
11/2015,97271.68657359488,34808.52253521126,91747.8993666698,380753.3028311568,420076.9869088335,200560.0987049816,134834.90105870122,91577.53054731071,56985.20937759009
12/2015,93029.0473400996,33795.89007513548,87582.02198952879,363478.2643024697,397687.996080006,190652.2052356021,123066.72119224766,88301.65733627263,55962.57449579666
01/2016,88145.46775061969,33417.91026556776,82071.73500000002,340700.71174003126,370351.5211047289,177755.6744505494,113350.99583333332,80177.86558058608,56971.4054544737
02/2016,88285.25910265525,34268.03926120499,81792.51331741367,339158.94570260134,364785.7645956977,178006.03082292434,115830.36827332844,80628.04299412196,58414.72944705372
03/2016,90158.85027076148,34578.272330610445,84072.7981027668,346363.5859666254,370759.8247841195,192804.50213438732,122056.2665050505,84143.31955555556,57121.8474957572
04/2016,90365.61759920364,34415.4008166272,85228.67940015784,351288.92036680126,379217.68932782847,193584.7826361484,126001.6216872753,86894.42103130755,57552.09772269803
05/2016,94041.86464365872,35545.963948359335,87314.9824098978,361148.0786679282,385404.51768005366,190563.06842388384,128914.35994262152,88099.41874125875,58382.997197774006
06/2016,94727.26371003035,37497.09622446405,87239.08324626193,358773.9176487272,369985.6665300005,199295.82684201043,128529.58061790669,79300.00837506757,60668.06449066583
07/2016,98122.44832841988,38131.95116854135,90934.9256366418,373561.4143701499,385094.416066575,209232.34710699183,135065.93455952493,84059.01047961848,60577.68283537909
08/2016,98092.579425808,37285.98625476105,91129.261013295,373233.7553825198,385571.49238022894,214135.6440172476,136447.8823553719,84831.35090909092,60295.79271421241
09/2016,97855.9861069339,37141.59209210644,91488.95287160648,374241.42262952926,387919.8627898107,216389.06884687752,136966.50995072126,85935.20709255441,60142.51884595652
10/2016,97958.06446732309,37083.89925013703,91724.96864608076,374207.280875549,382656.9088621559,221184.7756806139,134172.71994335833,85193.13604787139,59501.21364013104
11/2016,104556.63726649218,38407.56056567936,95171.04930888576,390688.3682260752,385280.4855978087,217187.7351198872,154960.11976492713,86216.90089139635,58689.979081974976
12/2016,107574.0530908,39507.1839339721,98132.06411156437,403604.24512705766,409088.2841065431,219759.92080447776,160861.882610758,91983.0992220852,58612.43438449698
01/2017,107433.2506890623,38874.80419823338,98829.91665271966,405120.6495537613,409276.6629178326,227184.65673640167,158565.09566527198,93160.40014876802,57771.26336977542
02/2017,113364.64866406668,40962.6066218741,103161.9230725677,422568.0058265258,420340.6793622682,237647.89949985844,162915.2409285647,94816.23915636502,58963.21585033746
03/2017,112498.78373369784,40406.44192685437,103574.01382471238,423314.19588194246,433376.27808294736,241563.6882237396,159652.23924048268,97355.72918529603,58628.58665193196
04/2017,111168.99927821245,39709.95673705398,102934.9065507777,420188.69421122666,438867.23720340506,241503.2687099726,156034.1361591949,100667.21091308328,58331.86644038362
05/2017,109809.85361581344,39290.46715622493,102568.2199982176,417950.07852489385,448215.38357765565,242244.08918991176,147677.93913911417,101407.71445325729,57441.93274657615
06/2017,108645.9252986847,38513.21021731511,101351.9757097792,412536.0864162126,435900.2640180988,240749.22476340696,148912.39393620752,97694.84437960044,56527.3019694518
07/2017,107901.62828036687,38087.41199727125,101421.80460475825,411062.7127959523,436855.0453679013,248435.9917114351,146153.61171484608,99660.51466189136,55700.77357224612
08/2017,107335.05397738262,37509.64302748414,101015.83864693446,408230.0497197168,433486.5972991325,251964.628820296,141883.2035315011,98729.77584270616,55883.77669021589
09/2017,109725.4374920121,38003.96354396069,103170.93664238522,418064.2001528241,448511.08631901344,251423.91873623576,150737.833427071,103285.27281043536,55526.07846232783
10/2017,113906.76227661093,39452.703660422754,106857.69135590308,432113.9841518363,457124.9619397659,264010.52041587903,153595.6401581028,104166.30537549408,56083.83983897068
11/2017,115309.63716797264,40541.978327285,107034.53553886405,433615.2751163372,449972.39891596383,259843.8935268799,155248.6381298,102720.9193636594,55551.2195603268
12/2017,115191.7734755323,40421.60376886517,107489.88993579589,434202.4777412793,451272.5597176306,266073.0086050196,154608.66760110063,104959.98649378806,55227.71046295931
01/2018,117250.59724179508,40094.59439672473,109345.9191137513,440101.2178965249,457944.7385919936,277531.5668780605,151698.91244280327,106257.2971999679,54067.25342384654
02/2018,115175.98376271766,39523.1252988374,106880.92213852955,430262.1464833315,439602.7335384439,270039.19870640244,146520.59073358442,102464.07510397903,54837.75703516595
03/2018,111274.0871209013,38540.520801882965,103748.11351351353,417228.8644593668,430541.38973218965,262785.50810810813,146439.48585666748,99929.04352081812,55202.520029995656
04/2018,113938.96098767356,39377.29573640202,106897.01948836824,430478.4048628936,451319.4600175783,266914.12509313686,151063.35731765875,105251.99010679692,55149.15933220192
05/2018,120472.88945259967,41225.48539191385,110602.1685614155,447246.1646248766,450680.2333590974,265884.7793486623,163769.95875032057,104773.7538798188,56433.29912775783
06/2018,121640.63274996902,41788.253937210495,110434.3170355121,448604.9582515945,449234.24603103945,255911.4654657746,166133.7188471436,103606.52125064336,56273.78931996685
07/2018,125328.92670893228,42786.79141104294,113044.23297546012,459541.8254727306,461102.7880559778,260018.9981595092,168557.339568848,104739.27805896389,55870.87066345661
08/2018,130356.7781939615,44429.62808342632,114814.6044116385,468621.7621348341,451493.9860411582,254910.81690841983,174230.40187108403,103034.67957943524,56118.52231913802
09/2018,131948.15421865127,44980.20680718728,116108.75774015204,474284.180484492,456037.7011353053,255285.8143227367,171752.2316931583,102768.71027125088,55611.17140940127
10/2018,125731.73732401438,43539.89054603287,109882.17959003356,449476.234426274,430836.6928839223,238389.48639335576,159317.87392648883,94914.30890616718,56443.30425859415
11/2018,127830.83777741964,44277.24201074038,111138.74853420196,452941.4068593441,425282.3809892932,247334.622801303,160722.79113830446,91705.4035918655,56732.50582152584
12/2018,115364.79139345148,40010.647615720525,102534.3121048035,415174.55792518426,402416.12560125417,239016.8196157205,138739.6871510917,85558.47219737992,57537.66231203378
01/2019,124197.3547194452,42776.67426880222,110295.89012883008,445997.4201774572,427508.764555195,259102.98676880225,155869.01344707524,92786.4734679666,58082.71500177606
02/2019,128993.59461161244,44576.41233356692,114010.58913805186,462305.9594939658,444654.3642893638,261347.22088297125,163252.42787666435,96310.20431149263,58000.078935943486
03/2019,133618.6273061136,46312.047850467294,117376.29644859812,475923.8434171276,454574.2147130301,267838.0442723631,161435.27910458393,96442.25111704496,59578.32418991989
04/2019,139239.43869351596,48178.32643965058,121585.67361383492,493546.5736909487,471540.85915493366,273941.6158673561,167969.9573970405,101186.5373934748,59380.0272329005
05/2019,131174.49245773104,46298.77783158461,115162.40742534304,467862.8165261699,448384.0198646817,255677.5254237289,152001.82317460317,93245.70792754012,60775.37790582941
06/2019,137593.57976994404,48092.88692442883,120286.7223374341,488657.3712359989,468874.8224370389,266371.92616871704,159998.41875746928,95720.86024780318,60828.56099775033
07/2019,142437.50223542243,49871.43793381759,123158.90476190476,501162.7662374294,469234.2596773712,268743.33930589183,164000.12008250385,94432.30694825578,61919.011721987605
08/2019,141641.8466415389,50571.25262776368,121547.08200434945,496027.2187867925,462198.6876903012,258381.8150235593,155289.6859623052,93015.93880210225,64335.51722776966
09/2019,146239.98744519314,52080.29997244925,125836.58681237948,513422.0061230561,481186.9741921868,266955.2405730554,165258.5711782533,97423.6872623749,64113.41121679757
10/2019,145857.73335791688,50997.26239913932,126240.72393760088,513978.8229862183,484833.3412867553,271629.89725658955,164441.19669535596,99896.29822126593,62957.9370091171
11/2019,153519.5739702743,53016.11305773083,131402.72179930794,536567.3940731816,499784.1901607065,275522.7020761245,172235.11669459115,104124.42692041522,62960.01894462645
12/2019,154605.55398945123,53617.67815559907,133032.13053231264,540245.1776247153,507657.7831687136,289613.94755207404,175674.3190599965,108421.70616343246,61961.78513636183
01/2020,157089.91020089062,54646.57252985885,133763.153257329,545799.2645173206,503042.40035375487,280672.063029316,167790.8689956569,105259.08615816142,63812.418597308286
02/2020,145143.4264082307,50503.14198779266,123851.3852418694,503079.3821788027,459495.6066936621,267703.9754577754,151175.9547471987,96201.88112599072,65072.61120101038
03/2020,127460.092060378,44252.49832055494,107411.50859802848,437337.1673498101,393887.13272634806,226972.98236582696,108977.66891566268,70990.75387367653,64902.5437107787
04/2020,144857.45506297878,49504.5851783744,119847.43482898126,488682.0413655316,420318.0434094696,249624.5830636264,128266.56757263702,79357.10381941892,65781.19943166121
05/2020,148213.47863941544,50439.1095545977,122210.75479525862,500328.6294323941,429199.0781329704,245720.77176724144,132136.73016343397,81120.29269216956,64849.21261396377
06/2020,150324.24503725188,50341.67379889266,125470.32002143245,510719.3856089005,444179.3252061395,262449.3615109841,136427.6043222004,83130.66026611897,64648.02462801437
07/2020,150088.267773964,49832.42187711004,124906.0234132343,505793.5817970517,435942.9612157399,270439.1989365294,132059.38443281568,81945.57216914248,63616.73639341674
08/2020,159637.0018071717,51604.31088777219,131576.3767839196,535430.1946260751,450382.05210469966,274353.6631658292,139179.2284154104,87259.76911557789,62601.41295338832
09/2020,156614.33628777092,51627.39576358045,129906.798377178,527202.1107953145,444002.1333958664,275367.70592757093,134639.1603997267,85220.54545951488,63721.0995776927
10/2020,152579.8676496115,50250.82000341938,126888.96395965124,511467.02193003474,419320.1282010849,281323.7972302958,140699.69989057962,81272.57585912122,64020.99696096618
11/2020,165297.0491800937,52872.9534557596,139220.51213689483,563285.0712466314,479110.6358693489,300124.8890984975,166266.63887312188,99145.03270784645,63287.1886963729
12/2020,167581.83983784437,52987.55217993643,142279.59194849644,573242.1670965339,489767.1089312235,314686.3460027708,175222.40464346833,105031.48207481054,62703.8718080278
01/2021,167735.2464011327,52339.28902439024,143242.73780487804,573858.2691392895,488043.5876437918,328025.2335365853,188504.4311338168,106010.73753790375,62333.9582428859
02/2021,172573.76153343054,52209.79166735418,146784.8340400957,589291.3543261647,500593.8842992144,330961.2410857191,206273.40599620497,113927.08417457309,60893.38714133481
03/2021,186215.49190584407,57325.66498933901,155875.91119829423,629463.2180545023,533487.9191165894,337056.15300639655,227304.5544579957,121919.58144477612,61584.0792209105
04/2021,190357.6741665408,58138.39212050985,157946.46972355573,639293.4715252456,541251.3926647289,335284.9169011753,227799.14378248635,124959.38488164212,60806.55727990244
05/2021,189817.58785578984,57760.78052618638,158924.11762970246,642177.7502744969,558312.8257368612,339791.16941234324,233783.85518891897,129856.81880173757,60462.197943085404
06/2021,199430.45127707996,60269.18566139348,165367.1443116796,669134.3749599874,565407.5394437196,349573.9905923932,236984.18452877825,126638.11283237967,61613.680310035175
07/2021,204047.604063698,61955.63262971995,166456.44759902445,680719.548343914,575520.9460011658,326060.94202337903,231422.41702127655,129295.5940425532,62637.87799374884
08/2021,211264.5067692492,63621.17921243873,171496.6658441778,701021.9054239772,587032.4342752893,336310.36442453944,237647.24986479632,134129.2455332094,62552.0348352873
09/2021,205874.9345089844,61698.84656706106,168108.0457552466,686712.4158920497,571293.5169045591,330178.03853527934,238291.8641782538,130871.63024095348,62285.62503316524
10/2021,219050.23124671952,65049.79936453413,175730.3196221554,721495.6823644936,593643.261509041,331593.0442593388,246705.51192443108,133262.65636410477,62126.76585486283
11/2021,222931.0604849977,66300.19825750242,175809.6402358532,723198.844838573,576998.3641555137,326001.36159464926,244755.0955751122,127669.23231540968,63858.429568656175
12/2021,233682.94372520587,71038.375419389,183495.84840190716,756571.9801449956,617113.5434303305,333361.95447642595,257584.10408793925,136340.7765477662,62782.92333045974
01/2022,224967.2879732875,68505.1499462173,177177.55127285767,727460.0848749744,597849.3433084766,332060.99134098244,250773.71788633923,133037.3484277519,62328.0532609106
02/2022,217393.35106870157,66242.57737297972,171991.69006161264,706339.1613572572,578734.9951661042,320938.50152692205,254456.3991034914,128881.96658630238,61534.74407236937
03/2022,227455.58219174607,70061.3545446356,177370.5286730925,732130.2464883362,583238.6410857529,316571.3680569318,259013.2791622376,129387.36385190523,59950.099101228574
04/2022,218671.8853900784,70135.13601518027,171928.36127134727,707040.6844588212,578953.5771857572,314924.564117647,254626.90072296016,129154.88118406077,59503.12265544601
05/2022,215535.216038354,69037.00849435265,169470.1685242229,696149.8277558046,573865.205164538,311280.7223186783,256691.6939531411,128812.53146830956,58525.300011361
06/2022,203950.42410264228,67232.50401463368,160127.00772118996,655804.2932234461,532999.3845892824,299980.93568884186,236988.33235582948,113437.4268990084,58055.629397249526
07/2022,226883.90453305707,72373.29288095704,174541.5679545009,720991.7586758115,569747.3164039922,305045.90062757407,265779.7117905472,121041.7933634046,60601.32306197136
08/2022,221940.37035095043,71169.64839999999,171513.96102,704527.4437804917,544831.4764256536,312501.15936,263551.524436,114708.05653800002,58703.89324907987
09/2022,206708.83301550976,67316.96889618383,159178.31109971277,655554.6788803298,510310.8028060511,283156.8756462864,242605.8524579401,103098.66250512926,57148.84936706372
10/2022,219702.8960830352,71529.58002824288,165998.16893282227,690867.0682405854,537728.4209466464,269808.06723824894,268273.7493826912,110479.18834577368,56372.31412902648
11/2022,221651.7941205841,71449.42397841171,170981.809001542,706003.0916860258,572102.1290695528,296069.8186006168,269021.9700616808,117588.65753662298,56591.36218854905
12/2022,203202.0837910024,67021.87522970185,159853.73710856933,657640.5600279866,556616.6406674158,284127.5013313332,245625.5125876618,116023.02555222204,54427.52257353549
01/2023,212640.77523455225,67967.97651620049,168710.18798116868,693317.2073211351,595576.2755554975,301863.2550540017,270027.6599575372,127137.16730360936,55174.456722448056
02/2023,211633.08209762216,66137.04849797532,167237.88083623693,690287.1415167826,603810.7291722612,288001.65574912896,270018.17069968925,130634.24885205764,54592.30196966283
03/2023,214238.2464260528,66861.53382988505,168449.46620689658,694865.1891246431,603572.9589789583,289860.49456551723,245398.27788873567,123698.26406252876,55352.063257196096
04/2023,215481.9432361832,67986.1010108369,169300.4023312995,700220.6730653651,622573.1617627826,283863.871286768,239786.3604207267,127162.09105728076,54696.89248457002
05/2023,222455.55686589688,67637.66125620143,172283.20909856784,712567.5961556862,602395.7505268039,286965.6660488627,238313.85786015168,121707.5389366283,55379.69094037912
06/2023,233160.3873990072,69604.69457021903,179290.9694643843,742935.598895187,620614.5495238258,293112.9192159028,258203.5183913124,124610.8717798638,54121.64465258054
07/2023,237222.9845262198,69118.62505669962,183259.95072121927,756955.8338300635,630535.0069551577,307121.98181983124,273158.2221573075,129219.9768284496,53653.94744441071
08/2023,236775.55086954488,68898.51078395288,180753.44790209792,749413.2711877194,614157.4863395223,292403.4576923077,266658.9599282297,125371.9265679058,53758.5379593179
09/2023,231318.43529727083,67722.83824806495,177826.56405512552,735631.2369086111,605006.6169898075,291910.57449159527,259070.4807494809,122981.79173494432,53242.49230557777
10/2023,225921.39736823112,66804.72375929935,172113.4662020906,712604.6794219364,581043.0775316247,281032.5557811342,243065.7715566438,116278.0783124588,52707.699295392005
11/2023,239516.55614766828,69934.91790321106,182712.4847314976,757166.3427930666,620166.9517020354,294037.75462098594,257829.81917299423,125674.01624005126,53608.55910775288
12/2023,247701.34848824496,70930.38454298642,189489.9282352941,785784.4342333137,644135.1894200499,301785.53265323804,287324.05603619915,134673.24086877832,55282.0073462677
01/2024,256814.10269384517,74387.3727784442,194388.7699732398,810844.0442109375,656027.2050952587,292646.9060748459,280763.44521177444,133188.58863523116,55287.92756409264
02/2024,270801.7822068391,76735.9706262701,203008.10096065028,846080.7267240374,666916.6968666045,307730.0632399686,290079.5466654351,131315.3888601515,54675.18501921192
03/2024,279902.5665041281,79206.25388955693,209784.9669595782,874481.0394525726,692806.2299524446,315983.3625037207,304394.41387290723,137599.96734622147,55053.0922570369
04/2024,270799.4437820734,76953.10001866019,204714.16407911925,849304.6831396248,685583.7553768862,320588.26182697626,286806.7724892704,137888.5572103004,54020.01424658584
05/2024,280717.4591253085,79418.64813859196,210525.73606708445,876272.4418082598,709915.6540412569,317543.82672621927,297840.0933413196,145869.7564688537,53801.95289003408
06/2024,294783.1947701515,81846.7984680056,218246.924614666,906380.4276370538,703495.5256276453,334333.78320716944,293778.4104437179,139365.82478094348,54476.8577220766
07/2024,294982.11645338393,82618.79682305134,219307.09571481345,911875.6486115364,710437.5232374836,332121.462659842,320755.4385205024,144506.0472571112,55599.72570287252
08/2024,295079.1760101126,83592.29609452511,219838.04009791327,914111.8851203562,721192.9309480111,329922.4453028171,310775.87275006773,143371.0435194372,55630.31349496801
09/2024,298447.0495512129,84151.58163629868,223100.8718491537,921790.4328540992,716928.7044593027,349067.73162684817,312703.89997677744,144674.7390353698,56093.077188283736
10/2024,304274.32701249747,85218.468333027,224200.19161850028,929575.6308922447,694156.1833572101,342883.0784551551,316888.37224958645,138375.77434662747,55534.60330679825
11/2024,331895.24242956,91709.04351448586,239071.24123799056,1001686.631880757,703139.9017963521,339780.77447658166,358598.77774285176,140134.30814807804,57289.94789189133
12/2024,329378.5285170692,89259.26033304456,238077.8800006292,991827.676110626,697375.2579658108,346097.1292322707,335259.04066416406,140723.90755606894,56892.30659464989
01/2025,338420.5488647817,91524.75269893196,245110.87756114788,1026432.723147118,745104.8678857392,350909.5583242473,347066.9711613587,147477.72058500917,56903.16032732895
02/2025,333427.489458091,93364.61404283933,243528.40992041212,1017283.4172351286,771142.1761290719,352456.71935644327,332033.3569167228,151620.91233695133,57818.82068425214
